id,symbol,direction,close_reason,partial_closed,actual_pips,t1_pips,t1_outcome,t2_pips,t2_outcome,mfe_pips,giveback_t1,giveback_t2
44,EURAUD,LONG,INVALIDATION,0,-7.2,34.7,TP,58.8,TP,100.7,41.9,66.0
45,NZDUSD,LONG,STOP_LOSS,0,-9.1,-9.1,SL,-9.1,SL,0.0,-0.0,-0.0
46,NZDUSD,SHORT,TRAILING_STOP,1,5.6,2.5,TP,22.0,TP,67.1,-3.1,16.4
47,USDCHF,SHORT,STOP_LOSS,0,-14.5,-14.7,SL,-14.7,SL,3.8,-0.2,-0.2
48,EURUSD,SHORT,TRAILING_STOP,1,2.2,1.4,TP,41.9,TP,83.7,-0.8,39.7
49,EURGBP,SHORT,INVALIDATION,0,-9.0,-13.7,SL,-13.7,SL,3.6,-4.7,-4.7
50,EURUSD,LONG,STOP_LOSS,0,-12.5,-12.5,SL,-12.5,SL,0.0,0.0,0.0
51,NZDUSD,SHORT,TAKE_PROFIT,1,14.4,13.8,TP,32.9,TP,39.4,-0.6,18.5
52,EURAUD,LONG,TAKE_PROFIT,1,9.5,10.4,TP,-52.6,SL,14.5,0.9,-62.1
53,USDCHF,SHORT,STOP_LOSS,0,-12.6,-12.6,SL,-12.6,SL,0.5,0.0,0.0
54,EURUSD,SHORT,INVALIDATION,0,-14.4,-21.4,SL,-21.4,SL,16.9,-7.0,-7.0
55,NZDUSD,LONG,STOP_LOSS,0,-11.5,-11.1,SL,-11.1,SL,0.1,0.4,0.4
56,EURAUD,LONG,STOP_LOSS,0,-22.7,-16.3,SL,-16.3,SL,0.0,6.4,6.4
57,EURGBP,SHORT,STOP_LOSS,0,-8.0,-8.4,SL,-8.4,SL,1.4,-0.4,-0.4
58,USDCHF,LONG,TARGET_2,1,32.5,16.7,TP,31.3,TP,46.4,-15.8,-1.2
59,EURAUD,SHORT,STOP_LOSS,0,-40.8,-40.4,SL,-40.4,SL,0.0,0.4,0.4
60,USDCHF,SHORT,STOP_LOSS,0,-15.4,13.3,TP,24.8,TP,93.3,28.7,40.2
61,NZDUSD,LONG,INVALIDATION,0,-5.2,-11.9,SL,-11.9,SL,11.5,-6.7,-6.7
62,EURAUD,SHORT,STOP_LOSS,0,-17.1,-17.0,SL,-17.0,SL,8.3,0.1,0.1
63,EURAUD,LONG,TRAILING_STOP,1,6.5,11.7,TP,44.5,TP,54.8,5.2,38.0
64,NZDUSD,SHORT,INVALIDATION,0,-7.9,13.6,TP,18.6,TP,74.2,21.5,26.5
65,EURUSD,SHORT,INVALIDATION,0,-24.2,-31.8,SL,-31.8,SL,32.7,-7.6,-7.6
66,EURGBP,LONG,INVALIDATION,0,-3.6,12.2,TP,-9.2,SL,12.6,15.8,-5.6
67,USDCHF,SHORT,TRAILING_STOP,1,3.7,6.5,TP,-23.0,SL,24.4,2.8,-26.7
68,USDCHF,LONG,INVALIDATION,0,-8.6,-12.0,SL,-12.0,SL,4.8,-3.4,-3.4
69,NZDUSD,SHORT,TRAILING_STOP,1,7.7,9.9,TP,34.5,TP,39.2,2.2,26.8
70,EURGBP,SHORT,INVALIDATION,0,-14.0,4.3,TP,-18.3,SL,20.0,18.3,-4.3
71,EURAUD,SHORT,INVALIDATION,0,-5.1,13.6,TP,-14.5,SL,18.1,18.7,-9.4
72,EURAUD,LONG,TRAILING_STOP,1,9.7,13.7,TP,-33.5,SL,19.6,4.0,-43.2
73,EURAUD,SHORT,TRAILING_STOP,1,26.1,24.0,TP,54.4,TP,216.9,-2.1,28.3
74,EURGBP,SHORT,INVALIDATION,0,-6.6,7.3,TP,13.8,TP,20.9,13.9,20.4
75,EURUSD,LONG,INVALIDATION,0,-7.3,-14.8,SL,-14.8,SL,7.9,-7.5,-7.5
76,USDCHF,SHORT,INVALIDATION,0,-9.2,7.5,TP,-15.1,SL,16.9,16.7,-5.9
77,EURAUD,SHORT,STOP_LOSS,0,-32.7,-32.6,SL,-32.6,SL,4.5,0.1,0.1
78,NZDUSD,SHORT,TARGET_2,1,15.5,5.0,TP,13.6,TP,24.7,-10.5,-1.8
79,EURUSD,SHORT,STOP_LOSS,0,-20.0,-19.8,SL,-19.8,SL,3.1,0.2,0.2
80,NZDUSD,LONG,TARGET_2,1,22.7,7.5,TP,22.0,TP,211.9,-15.2,-0.7
81,USDCHF,SHORT,TARGET_2,1,15.7,7.9,TP,15.6,TP,202.0,-7.8,-0.1
82,EURGBP,SHORT,TRAILING_STOP,1,14.6,15.4,TP,32.1,TP,34.7,0.8,17.6
83,USDCHF,LONG,TARGET_2,1,38.3,12.4,TP,37.7,TP,40.8,-25.9,-0.6
84,EURAUD,SHORT,INVALIDATION,0,-31.6,-47.2,SL,-47.2,SL,28.6,-15.6,-15.6
85,NZDUSD,LONG,INVALIDATION,0,-1.1,33.5,TP,46.2,TP,48.0,34.6,47.3
86,EURUSD,LONG,STOP_LOSS,0,-9.3,-9.0,SL,-9.0,SL,0.0,0.3,0.3
87,USDCHF,SHORT,INVALIDATION,0,-7.4,35.0,TP,-11.9,SL,49.6,42.4,-4.5
88,USDCHF,LONG,STOP_LOSS,0,-18.0,-13.0,SL,-13.0,SL,0.8,5.0,5.0
89,NZDUSD,LONG,INVALIDATION,0,-9.1,-15.2,SL,-15.2,SL,0.4,-6.1,-6.1
90,EURUSD,LONG,INVALIDATION,0,-8.0,-13.9,SL,-13.9,SL,0.7,-5.9,-5.9
91,EURGBP,LONG,TRAILING_STOP,1,3.2,2.5,TP,-8.9,SL,9.1,-0.7,-12.0
92,EURGBP,SHORT,STOP_LOSS,0,-8.1,7.5,TP,-8.1,SL,10.4,15.6,0.0
93,USDCHF,SHORT,STOP_LOSS,0,-17.8,-17.8,SL,-17.8,SL,8.9,-0.0,-0.0
94,EURJPY,LONG,TRAILING_STOP,1,10.3,10.7,TP,37.9,TP,126.6,0.4,27.6
95,EURUSD,LONG,INVALIDATION,0,-3.4,15.6,TP,25.0,TP,162.2,19.0,28.4
96,CHFJPY,SHORT,STOP_LOSS,0,-21.0,-21.1,SL,-21.1,SL,14.9,-0.1,-0.1
97,EURGBP,LONG,INVALIDATION,0,-9.8,-10.4,SL,-10.4,SL,3.1,-0.6,-0.6
98,EURAUD,SHORT,STOP_LOSS,0,-18.8,-18.8,SL,-18.8,SL,4.2,0.0,0.0
99,USDCHF,SHORT,STOP_LOSS,0,-17.6,-17.6,SL,-17.6,SL,0.0,0.0,0.0
100,NZDUSD,LONG,TRAILING_STOP,1,29.9,32.3,TP,42.8,TP,92.3,2.4,12.9
101,EURAUD,SHORT,STOP_LOSS,0,-17.8,-17.8,SL,-17.8,SL,21.5,0.0,0.0
102,EURGBP,SHORT,STOP_LOSS,0,-8.3,-8.3,SL,-8.3,SL,1.9,0.0,0.0
103,NZDUSD,LONG,STOP_LOSS,0,-9.9,-9.9,SL,-9.9,SL,0.0,0.0,0.0
104,CHFJPY,LONG,INVALIDATION,0,-20.1,-30.8,SL,-30.8,SL,4.6,-10.7,-10.7
105,EURGBP,LONG,TRAILING_STOP,1,4.5,5.6,TP,13.7,TP,33.1,1.1,9.2
106,EURJPY,LONG,TRAILING_STOP,1,2.5,4.2,TP,-43.4,SL,46.7,1.7,-45.9
107,USDCHF,SHORT,STOP_LOSS,0,-11.2,-11.2,SL,-11.2,SL,3.3,0.0,0.0
108,GBPJPY,LONG,TRAILING_STOP,1,30.5,35.8,TP,-15.1,SL,47.7,5.3,-45.6
109,EURUSD,LONG,TAKE_PROFIT,1,1.0,9.7,TP,22.0,TP,22.5,8.7,21.0
110,CHFJPY,SHORT,TRAILING_STOP,1,20.1,24.9,TP,67.1,TP,73.3,4.8,47.0
111,USDCHF,SHORT,TARGET_2,0,10.8,11.7,TP,10.3,TP,13.5,0.9,-0.5
112,EURJPY,LONG,TAKE_PROFIT,1,12.9,12.9,TP,42.9,TP,58.7,0.0,30.0
113,EURUSD,SHORT,TARGET_2,1,14.8,9.2,TP,13.6,TP,25.1,-5.6,-1.2
114,GBPJPY,LONG,STOP_LOSS,0,-22.9,-22.9,SL,-22.9,SL,0.0,0.0,0.0
115,CHFJPY,LONG,TRAILING_STOP,1,5.4,9.0,TP,-33.0,SL,16.3,3.6,-38.4
116,EURUSD,LONG,TARGET_2,1,20.2,12.7,TP,20.0,TP,73.2,-7.5,-0.2
117,CHFJPY,SHORT,STOP_LOSS,0,-16.4,-16.4,SL,-16.4,SL,8.8,0.0,0.0
118,USDCHF,SHORT,TARGET_2,1,26.0,15.5,TP,25.9,TP,46.4,-10.5,-0.1
119,EURAUD,LONG,STOP_LOSS,0,-17.6,-17.6,SL,-17.6,SL,5.3,0.0,0.0
120,EURGBP,LONG,TRAILING_STOP,1,5.4,6.8,TP,-20.5,SL,14.1,1.4,-25.9
121,EURAUD,LONG,TRAILING_STOP,1,13.3,22.0,TP,-24.3,SL,23.2,8.7,-37.6
122,EURGBP,SHORT,INVALIDATION,0,-2.3,-8.7,SL,-8.7,SL,7.6,-6.4,-6.4
123,CHFJPY,LONG,TARGET_2,0,28.6,34.8,TP,25.1,TP,111.4,6.2,-3.5
124,EURAUD,SHORT,STOP_LOSS,0,-21.1,14.0,TP,-21.1,SL,27.0,35.1,0.0
125,USDCHF,SHORT,STOP_LOSS,0,-12.2,-12.2,SL,-12.2,SL,0.0,0.0,0.0
126,GBPJPY,SHORT,STOP_LOSS,0,-25.1,-25.1,SL,-25.1,SL,5.6,0.0,0.0
127,EURJPY,SHORT,STOP_LOSS,0,-27.9,-27.9,SL,-27.9,SL,5.5,-0.0,-0.0
128,EURAUD,LONG,INVALIDATION,0,-2.7,-8.5,SL,-8.5,SL,26.6,-5.8,-5.8
129,EURUSD,SHORT,TRAILING_STOP,1,15.5,17.5,TP,26.2,TP,95.6,2.0,10.7
130,EURGBP,LONG,INVALIDATION,0,-8.5,-11.4,SL,-11.4,SL,0.0,-2.9,-2.9
131,EURAUD,SHORT,TRAILING_STOP,1,6.4,10.6,TP,-22.4,SL,13.6,4.2,-28.8
132,CHFJPY,SHORT,STOP_LOSS,0,-22.5,-22.5,SL,-22.5,SL,41.2,0.0,0.0
133,EURJPY,SHORT,STOP_LOSS,0,-24.7,15.6,TP,30.5,TP,107.8,40.3,55.3
134,CHFJPY,LONG,STOP_LOSS,0,-18.7,-18.7,SL,-18.7,SL,2.7,0.0,0.0
135,GBPJPY,LONG,STOP_LOSS,1,-17.1,-16.5,SL,-16.5,SL,0.0,0.6,0.6
136,NZDUSD,LONG,TRAILING_STOP,1,3.0,5.0,TP,-14.8,SL,13.2,2.0,-17.8
137,EURUSD,SHORT,TARGET_2,1,24.3,11.4,TP,23.3,TP,72.7,-12.9,-0.9
138,NZDUSD,SHORT,STOP_LOSS,0,-11.0,21.6,TP,30.2,TP,63.7,32.6,41.2
139,EURAUD,SHORT,STOP_LOSS,1,-31.7,-31.2,SL,-31.2,SL,1.0,0.5,0.5
140,EURAUD,LONG,TAKE_PROFIT,1,32.0,38.0,TP,-29.1,SL,49.5,6.0,-61.1
141,EURJPY,LONG,STOP_LOSS,1,-17.9,10.6,TP,-17.8,SL,10.6,28.5,0.1
142,EURUSD,SHORT,STOP_LOSS,1,-18.0,-16.2,SL,-16.2,SL,0.0,1.8,1.8
143,CHFJPY,SHORT,TRAILING_STOP,1,27.0,32.5,TP,66.6,TP,126.3,5.5,39.6
144,EURGBP,SHORT,STOP_LOSS,0,-9.6,8.9,TP,17.7,TP,55.1,18.5,27.3
145,USDCHF,SHORT,STOP_LOSS,0,-13.5,-13.5,SL,-13.5,SL,0.0,0.0,0.0
146,GBPJPY,LONG,TRAILING_STOP,1,27.3,30.7,TP,60.1,TP,66.4,3.4,32.9
147,EURAUD,SHORT,TAKE_PROFIT,1,13.6,13.3,TP,21.7,TP,106.5,-0.3,8.1
148,CHFJPY,LONG,BREAKEVEN_SL,1,21.2,-32.2,SL,-32.2,SL,29.1,-53.4,-53.4
149,EURAUD,SHORT,TARGET_2,1,19.8,19.0,TP,18.3,TP,97.9,-0.8,-1.5
150,USDCHF,LONG,BREAKEVEN_SL,1,12.7,-13.3,SL,-13.3,SL,4.8,-26.0,-26.0
151,EURGBP,SHORT,BREAKEVEN_SL,1,5.8,9.6,TP,-10.2,SL,12.6,3.8,-16.0
152,EURAUD,SHORT,INVALIDATION,0,-23.7,-26.7,SL,-26.7,SL,6.8,-3.0,-3.0
157,EURJPY,SHORT,BREAKEVEN_SL,1,28.4,-38.2,SL,-38.2,SL,0.0,-66.6,-66.6
159,USDCHF,LONG,BREAKEVEN_SL,1,9.5,15.9,TP,30.3,TP,31.7,6.4,20.7
160,EURJPY,LONG,TRAILING_STOP,1,3.0,5.0,TP,24.9,TP,66.7,2.0,21.9
161,EURUSD,LONG,RECONCILIATION,0,1.1,-9.5,SL,-9.5,SL,5.5,-10.6,-10.6
163,EURUSD,SHORT,RECONCILIATION,0,0.0,-20.6,SL,-20.6,SL,0.0,-20.6,-20.6
164,EURJPY,SHORT,RECONCILIATION,0,10.1,29.4,TP,-27.5,SL,29.7,19.3,-37.6
165,EURJPY,LONG,TIME_STOP,0,-1.5,-31.2,SL,-31.2,SL,15.4,-29.7,-29.7
166,EURAUD,SHORT,TRAILING_STOP,1,32.2,-14.3,SL,-14.3,SL,29.5,-46.5,-46.5
