id,symbol,close_reason,actual,mfe,t1_pips,t2_pips,sl_pips,P1_lock50_at15,P2_TP_at20,P3_chand_10p,P4_chand_15p,P5_chand_20p,P6_lock60_at15,P7a_60TP20_40trail10,P7b_60TP20_40trail15,P7c_60TP20_40trail20,P8a_60TP15_40trail15,P9_70TP20_30trail15,P10_50TP20_50trail15,mfe_bucket
44,EURAUD,INVALIDATION,-7.2,100.7,34.7,58.8,19.7,36.9,20.0,0.2,-4.8,-9.7,32.5,12.1,10.1,8.1,7.1,12.6,7.6,50p+
45,NZDUSD,STOP_LOSS,-9.1,-0.6,19.7,31.4,9.1,-9.1,-9.1,-9.1,-9.1,-9.1,-9.1,-9.1,-9.1,-9.1,-9.1,-9.1,-9.1,0-5p
46,NZDUSD,TRAILING_STOP,5.6,67.1,2.5,22.0,19.4,18.5,20.0,5.6,0.6,21.5,17.8,14.2,12.2,20.6,9.2,14.2,10.3,50p+
47,USDCHF,STOP_LOSS,-14.5,3.8,12.2,17.1,14.7,-14.7,-14.7,-6.2,-11.2,-14.7,-14.7,-11.3,-13.3,-14.7,-13.3,-13.7,-13.0,0-5p
48,EURUSD,TRAILING_STOP,2.2,83.7,1.4,41.9,37.4,28.4,20.0,2.0,24.2,19.2,25.8,11.6,9.6,7.6,6.6,12.2,7.0,50p+
49,EURGBP,INVALIDATION,-9.0,3.6,20.9,37.4,13.7,-13.7,-13.7,-6.4,-11.4,-13.7,-13.7,-10.8,-12.8,-13.7,-12.8,-13.0,-12.5,0-5p
50,EURUSD,STOP_LOSS,-12.5,-7.6,25.7,44.0,12.5,-12.5,-12.5,-12.5,-12.5,-12.5,-12.5,-12.5,-12.5,-12.5,-12.5,-12.5,-12.5,
51,NZDUSD,TAKE_PROFIT,14.4,39.4,13.8,32.9,16.3,24.0,20.0,12.1,7.1,17.7,22.2,16.8,14.8,19.1,11.8,16.1,13.6,30-50p
52,EURAUD,TAKE_PROFIT,9.5,14.5,10.4,56.8,52.6,-52.6,-52.6,4.5,-0.5,-5.5,-52.6,-35.5,-37.5,-33.7,-37.5,-41.3,-33.7,10-20p
53,USDCHF,STOP_LOSS,-12.6,0.5,16.2,30.4,12.6,-12.6,-12.6,-9.5,-12.6,-12.6,-12.6,-11.4,-12.6,-12.6,-12.6,-12.6,-12.6,0-5p
54,EURUSD,INVALIDATION,-14.4,16.9,31.3,65.6,21.4,-3.2,-21.4,3.5,1.4,-3.6,0.4,-11.4,-12.1,-14.1,9.8,-14.4,-9.7,10-20p
55,NZDUSD,STOP_LOSS,-11.5,0.1,22.3,35.1,11.1,-11.1,-11.1,-9.9,-11.1,-11.1,-11.1,-10.6,-11.1,-11.1,-11.1,-11.1,-11.1,0-5p
56,EURAUD,STOP_LOSS,-22.7,-26.4,36.7,56.9,16.3,-16.3,-16.3,-16.3,-16.3,-16.3,-16.3,-16.3,-16.3,-16.3,-16.3,-16.3,-16.3,
57,EURGBP,STOP_LOSS,-8.0,1.4,6.7,10.6,8.4,-8.4,-8.4,-8.4,-8.4,-8.4,-8.4,-8.4,-8.4,-8.4,-8.4,-8.4,-8.4,0-5p
58,USDCHF,TARGET_2,32.5,46.4,16.7,31.3,10.6,23.1,20.0,-0.1,27.1,22.1,21.5,11.0,22.8,20.8,19.8,22.1,23.6,30-50p
59,EURAUD,STOP_LOSS,-40.8,-10.7,18.6,56.8,40.4,-40.4,-40.4,-40.4,-40.4,-40.4,-40.4,-40.4,-40.4,-40.4,-40.4,-40.4,-40.4,
60,USDCHF,STOP_LOSS,-15.4,93.3,13.3,24.8,9.5,19.9,20.0,20.6,15.8,73.3,18.9,16.9,18.3,24.1,15.3,18.7,17.9,50p+
61,NZDUSD,INVALIDATION,-5.2,11.5,13.2,24.5,11.9,-11.9,-11.9,-0.8,-5.8,-8.5,-11.9,-7.5,-9.5,-10.5,-9.5,-10.1,-8.8,10-20p
62,EURAUD,STOP_LOSS,-17.1,8.3,50.6,75.8,17.0,-17.0,-17.0,-1.7,-6.7,-11.7,-17.0,-10.9,-12.9,-14.9,-12.9,-13.9,-11.9,5-10p
63,EURAUD,TRAILING_STOP,6.5,54.8,11.7,44.5,38.6,29.8,20.0,-8.7,-13.7,-6.9,26.8,8.5,6.5,4.5,3.5,9.9,3.1,50p+
64,NZDUSD,INVALIDATION,-7.9,74.2,13.6,18.6,15.8,16.8,20.0,-4.4,37.1,32.1,16.4,10.2,15.9,13.9,12.9,16.9,14.9,50p+
65,EURUSD,INVALIDATION,-24.2,32.7,37.4,86.9,31.8,-8.4,20.0,12.8,7.8,2.8,-3.7,13.2,15.1,13.1,12.1,16.3,13.9,30-50p
66,EURGBP,INVALIDATION,-3.6,12.6,12.2,22.2,9.2,-9.2,-9.2,2.6,-2.4,-7.4,-9.2,-4.5,-6.5,-8.5,-6.5,-7.2,-5.8,10-20p
67,USDCHF,TRAILING_STOP,3.7,24.4,6.5,30.0,23.0,-4.0,20.0,2.1,9.4,4.4,-0.2,11.8,9.8,7.8,6.8,12.4,7.3,20-30p
68,USDCHF,INVALIDATION,-8.6,4.8,15.7,29.2,12.0,-12.0,-12.0,-5.2,-10.2,-12.0,-12.0,-9.3,-11.3,-12.0,-11.3,-11.5,-11.1,0-5p
69,NZDUSD,TRAILING_STOP,7.7,39.2,9.9,34.5,27.4,24.8,20.0,11.0,19.4,14.4,22.8,16.4,19.8,17.8,16.8,19.8,19.7,30-50p
70,EURGBP,INVALIDATION,-14.0,20.0,4.3,24.4,18.3,-1.6,20.0,-6.8,-8.6,0.0,1.7,10.6,8.6,12.0,5.6,11.4,5.7,10-20p
71,EURAUD,INVALIDATION,-5.1,18.1,13.6,25.5,14.5,0.3,-14.5,-3.9,-8.9,-13.9,3.2,-10.2,-12.2,-14.2,5.4,-12.8,-11.7,10-20p
72,EURAUD,TRAILING_STOP,9.7,19.6,13.7,54.7,33.5,-9.2,-33.5,-0.1,-5.1,-10.1,-4.4,-20.1,-22.1,-24.1,7.0,-25.0,-19.3,10-20p
73,EURAUD,TRAILING_STOP,26.1,216.9,24.0,54.4,24.3,34.7,20.0,37.0,32.0,27.0,30.8,12.0,14.0,22.8,11.0,15.5,12.5,
74,EURGBP,INVALIDATION,-6.6,20.9,7.3,13.8,10.5,14.4,20.0,-7.1,5.9,0.9,14.5,9.2,14.4,12.4,11.4,15.8,12.9,20-30p
75,EURUSD,INVALIDATION,-7.3,7.9,9.8,24.9,14.8,-14.8,-14.8,-6.6,-7.1,-12.1,-14.8,-11.5,-11.7,-13.7,-11.7,-12.5,-11.0,5-10p
76,USDCHF,INVALIDATION,-9.2,16.9,7.5,23.2,15.1,-0.1,-15.1,-9.3,1.9,-3.1,2.9,-12.8,-8.3,-10.3,9.8,-10.0,-6.6,10-20p
77,EURAUD,STOP_LOSS,-32.7,4.5,6.0,41.0,32.6,-32.6,-32.6,-5.5,-10.5,-15.5,-32.6,-21.8,-23.8,-25.8,-23.8,-26.0,-21.6,0-5p
78,NZDUSD,TARGET_2,15.5,24.7,5.0,13.6,11.5,14.3,13.6,10.4,9.2,4.7,14.5,15.9,13.9,13.9,10.9,15.4,12.3,20-30p
79,EURUSD,STOP_LOSS,-20.0,3.1,24.8,54.6,19.8,-19.8,-19.8,-6.9,-11.9,-16.9,-19.8,-14.6,-16.6,-18.6,-16.6,-17.4,-15.8,0-5p
80,NZDUSD,TARGET_2,22.7,211.9,7.5,22.0,14.9,18.5,20.0,-3.2,-8.2,5.8,17.8,10.7,8.7,14.3,5.7,11.5,5.9,
81,USDCHF,TARGET_2,15.7,202.0,7.9,15.6,14.7,15.3,15.6,9.4,17.6,12.6,15.3,15.2,13.2,15.9,10.2,14.9,11.5,
82,EURGBP,TRAILING_STOP,14.6,34.7,15.4,32.1,11.5,23.6,20.0,5.0,14.8,9.8,21.9,14.0,17.9,15.9,14.9,18.4,17.4,30-50p
83,USDCHF,TARGET_2,38.3,40.8,12.4,37.7,22.3,26.4,20.0,0.2,25.8,20.8,24.1,12.8,22.3,20.3,19.3,21.7,22.9,30-50p
84,EURAUD,INVALIDATION,-31.6,28.6,47.7,116.8,47.2,-16.1,20.0,5.6,7.1,2.1,-9.9,14.2,12.2,10.2,9.2,14.2,10.3,20-30p
85,NZDUSD,INVALIDATION,-1.1,48.0,33.5,46.2,10.1,30.6,20.0,-8.0,33.0,28.0,27.5,8.8,18.6,23.2,15.6,18.9,18.2,30-50p
86,EURUSD,STOP_LOSS,-9.3,-2.8,41.7,57.3,9.0,-9.0,-9.0,-9.0,-9.0,-9.0,-9.0,-9.0,-9.0,-9.0,-9.0,-9.0,-9.0,
87,USDCHF,INVALIDATION,-7.4,49.6,35.0,60.6,11.9,1.6,20.0,5.7,0.7,-4.3,4.2,14.3,12.3,10.3,9.3,14.2,10.4,30-50p
88,USDCHF,STOP_LOSS,-18.0,0.8,15.9,32.7,13.0,-13.0,-13.0,-9.2,-13.0,-13.0,-13.0,-11.5,-13.0,-13.0,-13.0,-13.0,-13.0,0-5p
89,NZDUSD,INVALIDATION,-9.1,0.4,9.0,23.8,15.2,-15.2,-15.2,-9.6,-14.6,-15.2,-15.2,-13.0,-15.0,-15.2,-15.0,-15.0,-14.9,0-5p
90,EURUSD,INVALIDATION,-8.0,0.7,9.8,23.7,13.9,-13.9,-13.9,-9.3,-13.9,-13.9,-13.9,-12.1,-13.9,-13.9,-13.9,-13.9,-13.9,0-5p
91,EURGBP,TRAILING_STOP,3.2,9.1,2.5,9.9,8.9,-8.9,-8.9,-0.9,-5.9,-8.9,-8.9,-5.7,-7.7,-8.9,-7.7,-8.0,-7.4,5-10p
92,EURGBP,STOP_LOSS,-8.1,10.4,7.5,14.5,8.1,-8.1,-8.1,0.4,-4.6,-8.1,-8.1,-6.2,-6.7,-8.1,-6.7,-7.0,-6.3,10-20p
93,USDCHF,STOP_LOSS,-17.8,8.9,22.4,47.5,17.8,-17.8,-17.8,-1.1,-6.1,-11.1,-17.8,-11.1,-13.1,-15.1,-13.1,-14.3,-12.0,5-10p
94,EURJPY,TRAILING_STOP,10.3,126.6,10.7,37.9,26.4,26.4,20.0,-9.6,-11.2,-16.2,24.2,8.2,7.5,5.5,4.5,10.6,4.4,50p+
95,EURUSD,INVALIDATION,-3.4,162.2,15.6,25.0,9.6,20.0,20.0,-2.1,-7.1,89.8,19.0,11.2,9.2,35.4,6.2,11.9,6.4,50p+
96,CHFJPY,STOP_LOSS,-21.0,14.9,26.8,41.3,21.1,-21.1,-21.1,-0.8,-0.1,-5.1,-21.1,-13.0,-12.7,-14.7,-12.7,-14.8,-10.6,10-20p
97,EURGBP,INVALIDATION,-9.8,3.1,4.9,14.7,10.4,-10.4,-10.4,-6.9,-10.4,-10.4,-10.4,-9.0,-10.4,-10.4,-10.4,-10.4,-10.4,0-5p
98,EURAUD,STOP_LOSS,-18.8,4.2,28.4,53.4,18.8,-18.8,-18.8,-5.8,-10.8,-15.8,-18.8,-13.6,-15.6,-17.6,-15.6,-16.4,-14.8,0-5p
99,USDCHF,STOP_LOSS,-17.6,-1.9,22.3,47.4,17.6,-17.6,-17.6,-17.6,-17.6,-17.6,-17.6,-17.6,-17.6,-17.6,-17.6,-17.6,-17.6,
100,NZDUSD,TRAILING_STOP,29.9,92.3,32.3,42.8,10.7,28.9,20.0,1.8,21.5,63.3,26.1,12.7,20.6,37.3,17.6,20.4,20.7,50p+
101,EURAUD,STOP_LOSS,-17.8,21.5,29.6,54.5,17.8,-1.4,20.0,11.5,6.5,1.5,1.9,11.4,9.4,7.4,6.4,12.0,6.7,20-30p
102,EURGBP,STOP_LOSS,-8.3,1.9,6.6,12.7,8.3,-8.3,-8.3,-8.1,-8.3,-8.3,-8.3,-8.2,-8.3,-8.3,-8.3,-8.3,-8.3,0-5p
103,NZDUSD,STOP_LOSS,-9.9,-2.8,13.2,24.2,9.9,-9.9,-9.9,-9.9,-9.9,-9.9,-9.9,-9.9,-9.9,-9.9,-9.9,-9.9,-9.9,
104,CHFJPY,INVALIDATION,-20.1,4.6,14.0,45.6,30.8,-30.8,-30.8,-8.9,-12.5,-15.4,-30.8,-22.0,-22.6,-24.6,-22.6,-24.7,-20.6,0-5p
105,EURGBP,TRAILING_STOP,4.5,33.1,5.6,13.7,8.1,14.3,20.0,0.5,7.6,2.6,14.5,12.2,14.5,13.0,11.5,15.9,13.1,30-50p
106,EURJPY,TRAILING_STOP,2.5,46.7,4.2,52.8,43.4,-14.2,20.0,1.2,-3.8,-4.2,-8.4,9.0,10.4,10.3,7.4,12.8,8.0,30-50p
107,USDCHF,STOP_LOSS,-11.2,3.3,9.6,21.6,11.2,-11.2,-11.2,-6.7,-11.2,-11.2,-11.2,-9.4,-11.2,-11.2,-11.2,-11.2,-11.2,0-5p
108,GBPJPY,TRAILING_STOP,30.5,47.7,35.8,59.0,15.1,-0.1,20.0,14.8,17.0,19.9,2.9,13.8,11.8,9.8,8.8,13.9,9.8,30-50p
109,EURUSD,TAKE_PROFIT,1.0,22.5,9.7,22.0,20.4,18.5,20.0,-7.4,7.5,2.5,17.8,9.0,15.0,13.0,12.0,16.3,13.8,20-30p
110,CHFJPY,TRAILING_STOP,20.1,73.3,24.9,67.1,39.6,41.0,20.0,31.4,26.4,21.4,35.8,10.4,22.6,20.6,19.6,21.9,23.2,50p+
111,USDCHF,TARGET_2,10.8,13.5,11.7,10.3,9.4,10.3,10.3,3.5,-1.5,-6.5,10.3,-4.2,-6.2,-8.2,-6.2,-7.0,-5.5,10-20p
112,EURJPY,TAKE_PROFIT,12.9,58.7,12.9,42.9,34.2,28.9,20.0,-5.9,-4.1,0.9,26.1,9.6,10.4,12.4,7.4,12.8,8.0,50p+
113,EURUSD,TARGET_2,14.8,25.1,9.2,13.6,13.1,13.6,13.6,9.5,4.5,5.1,13.6,15.8,13.8,14.0,10.8,15.4,12.3,20-30p
114,GBPJPY,STOP_LOSS,-22.9,-22.2,31.4,61.8,22.9,-22.9,-22.9,-22.9,-22.9,-22.9,-22.9,-22.9,-22.9,-22.9,-22.9,-22.9,-22.9,
115,CHFJPY,TRAILING_STOP,5.4,16.3,9.0,33.4,33.0,-9.0,-33.0,6.3,1.3,-3.7,-4.2,-23.4,-19.3,-21.3,9.5,-22.7,-15.8,10-20p
116,EURUSD,TARGET_2,20.2,73.2,12.7,20.0,9.8,17.5,20.0,63.2,58.2,53.2,17.0,15.8,19.2,28.5,16.2,19.4,19.0,50p+
117,CHFJPY,STOP_LOSS,-16.4,8.8,26.8,27.8,16.4,-16.4,-16.4,-1.2,-6.2,-11.2,-16.4,-10.3,-12.3,-14.3,-12.3,-13.3,-11.3,5-10p
118,USDCHF,TARGET_2,26.0,46.4,15.5,25.9,13.9,20.4,20.0,34.1,29.1,24.1,19.4,19.9,17.9,15.9,14.9,18.4,17.4,30-50p
119,EURAUD,STOP_LOSS,-17.6,5.3,20.8,39.8,17.6,-17.6,-17.6,-4.7,-9.7,-14.7,-17.6,-12.4,-14.4,-16.4,-14.4,-15.2,-13.7,5-10p
120,EURGBP,TRAILING_STOP,5.4,14.1,6.8,32.0,20.5,-20.5,-20.5,-5.4,-10.4,-5.9,-20.5,-14.5,-16.5,-14.7,-16.5,-17.5,-15.4,10-20p
121,EURAUD,TRAILING_STOP,13.3,23.2,22.0,25.8,24.3,-4.7,20.0,9.2,8.2,3.2,-0.7,15.7,13.7,13.3,10.7,15.3,12.1,20-30p
122,EURGBP,INVALIDATION,-2.3,7.6,18.7,33.3,8.7,-8.7,-8.7,-2.4,-7.4,-8.7,-8.7,-6.2,-8.2,-8.7,-8.2,-8.3,-8.0,5-10p
123,CHFJPY,TARGET_2,28.6,111.4,34.8,25.1,19.3,20.0,20.0,10.1,5.1,0.1,19.0,12.7,14.0,12.0,11.0,15.5,12.5,50p+
124,EURAUD,STOP_LOSS,-21.1,27.0,14.0,31.1,21.1,-3.1,20.0,-8.5,-13.5,-18.5,0.5,8.6,6.6,4.6,3.6,10.0,3.3,20-30p
125,USDCHF,STOP_LOSS,-12.2,15.0,23.4,33.8,12.2,-12.2,-12.2,-12.2,-12.2,-12.2,-12.2,-5.3,-7.3,-9.3,-7.3,-8.5,-6.1,10-20p
126,GBPJPY,STOP_LOSS,-25.1,5.6,31.0,54.4,25.1,-25.1,-25.1,-4.4,-9.4,-14.4,-25.1,-16.8,-18.8,-20.8,-18.8,-20.4,-17.3,5-10p
127,EURJPY,STOP_LOSS,-27.9,5.5,15.1,41.6,27.9,-27.9,-27.9,-4.5,-9.5,-14.5,-27.9,-18.5,-20.5,-22.5,-20.5,-22.4,-18.7,5-10p
128,EURAUD,INVALIDATION,-2.7,26.6,49.4,65.4,8.5,3.2,20.0,0.8,11.6,6.6,5.6,9.8,16.6,14.6,13.6,17.5,15.8,20-30p
129,EURUSD,TRAILING_STOP,15.5,95.6,17.5,26.2,12.7,20.6,20.0,-1.4,-4.6,-9.6,19.5,11.4,10.2,9.1,7.2,12.6,7.7,50p+
130,EURGBP,INVALIDATION,-8.5,-3.3,2.9,12.3,11.4,-11.4,-11.4,-11.4,-11.4,-11.4,-11.4,-11.4,-11.4,-11.4,-11.4,-11.4,-11.4,
131,EURAUD,TRAILING_STOP,6.4,13.9,10.6,33.4,22.4,-22.4,-22.4,1.7,-1.4,-6.4,-22.4,-16.1,-18.1,-15.9,-18.1,-19.2,-17.0,10-20p
132,CHFJPY,STOP_LOSS,-22.5,41.2,74.9,126.9,22.5,-3.8,20.0,31.2,26.2,21.2,-0.0,9.2,22.5,20.5,19.5,21.9,23.1,30-50p
133,EURJPY,STOP_LOSS,-24.7,107.8,15.6,30.5,24.7,22.8,20.0,2.2,-2.8,-4.3,21.2,12.9,10.9,10.3,7.9,13.2,8.6,50p+
134,CHFJPY,STOP_LOSS,-18.7,2.7,42.2,62.1,18.7,-18.7,-18.7,-7.3,-12.3,-17.3,-18.7,-14.1,-16.1,-18.1,-16.1,-16.8,-15.5,0-5p
135,GBPJPY,STOP_LOSS,-17.1,-4.2,31.2,62.0,16.5,-16.5,-16.5,-16.5,-16.5,-16.5,-16.5,-16.5,-16.5,-16.5,-16.5,-16.5,-16.5,
136,NZDUSD,TRAILING_STOP,3.0,13.2,5.0,16.6,14.8,-14.8,-14.8,3.2,-1.8,-6.8,-14.8,-12.4,-9.6,-11.6,-9.6,-10.9,-8.3,10-20p
137,EURUSD,TARGET_2,24.3,72.7,11.4,23.3,17.2,19.2,20.0,31.1,34.4,29.4,18.3,17.4,15.4,23.8,12.4,16.5,14.2,50p+
138,NZDUSD,STOP_LOSS,-11.0,63.7,21.6,30.2,11.0,22.6,20.0,-2.6,1.1,-3.9,21.1,11.0,12.4,10.4,9.4,14.3,10.6,50p+
139,EURAUD,STOP_LOSS,-31.7,1.0,4.8,33.5,31.2,-31.2,-31.2,-9.0,-14.0,-19.0,-31.2,-22.3,-24.3,-26.3,-24.3,-26.0,-22.6,0-5p
140,EURAUD,TAKE_PROFIT,32.0,49.5,38.0,77.2,29.1,-7.0,20.0,16.7,11.7,6.7,-2.6,13.2,11.2,14.7,8.2,13.4,9.0,30-50p
141,EURJPY,STOP_LOSS,-17.9,10.6,10.6,18.6,17.8,-17.8,-17.8,-0.2,-4.4,-9.4,-17.8,-11.3,-12.5,-14.5,-12.5,-13.8,-11.1,10-20p
142,EURUSD,STOP_LOSS,-18.0,-5.0,10.1,26.8,16.2,-16.2,-16.2,-16.2,-16.2,-16.2,-16.2,-16.2,-16.2,-16.2,-16.2,-16.2,-16.2,
143,CHFJPY,TRAILING_STOP,27.0,126.3,32.5,66.6,33.5,40.8,20.0,9.0,5.6,0.6,35.6,15.6,13.6,11.6,10.6,15.2,12.0,50p+
144,EURGBP,STOP_LOSS,-9.6,55.1,8.9,17.7,9.6,16.4,20.0,13.2,8.2,3.2,16.1,17.3,15.3,13.3,12.3,16.5,14.1,50p+
145,USDCHF,STOP_LOSS,-13.5,-3.1,9.2,21.1,13.5,-13.5,-13.5,-13.5,-13.5,-13.5,-13.5,-13.5,-13.5,-13.5,-13.5,-13.5,-13.5,
146,GBPJPY,TRAILING_STOP,27.3,66.4,30.7,60.1,39.3,37.6,20.0,-6.3,-8.6,-13.6,33.1,9.5,7.5,6.6,4.5,10.6,4.3,50p+
147,EURAUD,TAKE_PROFIT,13.6,106.5,13.3,21.7,18.5,18.4,20.0,7.8,2.8,5.3,17.7,15.1,13.1,11.1,10.1,14.8,11.4,50p+
148,CHFJPY,BREAKEVEN_SL,21.2,29.1,35.3,60.8,32.2,-8.6,20.0,3.7,-1.3,-6.3,-3.9,13.5,11.5,9.5,8.5,13.6,9.4,20-30p
149,EURAUD,TARGET_2,19.8,97.9,19.0,18.3,16.7,16.7,18.3,32.4,27.4,22.4,16.3,15.7,13.7,21.0,10.7,15.3,12.1,50p+
150,USDCHF,BREAKEVEN_SL,12.7,4.8,21.2,35.1,13.3,-13.3,-13.3,-5.2,-10.2,-13.3,-13.3,-10.1,-12.1,-13.3,-12.1,-12.4,-11.7,0-5p
151,EURGBP,BREAKEVEN_SL,5.8,12.6,9.6,15.7,10.2,-10.2,-10.2,2.6,-2.4,-7.4,-10.2,-5.1,-7.1,-9.1,-7.1,-7.9,-6.3,10-20p
152,EURAUD,INVALIDATION,-23.7,6.8,10.1,28.6,26.7,-26.7,-26.7,-3.2,-8.2,-13.2,-26.7,-17.3,-19.3,-21.3,-19.3,-21.1,-17.4,5-10p
157,EURJPY,BREAKEVEN_SL,28.4,-13.1,47.4,105.4,38.2,-38.2,-38.2,-38.2,-38.2,-38.2,-38.2,-38.2,-38.2,-38.2,-38.2,-38.2,-38.2,
159,USDCHF,BREAKEVEN_SL,9.5,31.7,15.9,30.3,10.1,22.6,20.0,-5.5,-4.6,3.1,21.1,9.8,10.2,13.2,7.2,12.6,7.7,30-50p
160,EURJPY,TRAILING_STOP,3.0,66.7,5.0,24.9,22.9,20.0,20.0,-3.3,37.6,32.6,19.0,12.1,17.2,25.0,14.2,17.9,16.5,50p+
161,EURUSD,RECONCILIATION,1.1,5.5,24.5,41.2,9.5,-9.5,-9.5,-4.5,-9.5,-9.5,-9.5,-7.5,-9.5,-9.5,-9.5,-9.5,-9.5,5-10p
163,EURUSD,RECONCILIATION,0.0,2.2,10.0,33.3,20.6,-20.6,-20.6,-20.6,-20.6,-20.6,-20.6,-15.5,-17.5,-19.5,-17.5,-18.3,-16.7,0-5p
164,EURJPY,RECONCILIATION,10.1,29.7,29.4,66.7,27.5,-6.3,20.0,-3.5,-8.5,9.7,-2.0,10.6,17.9,15.9,14.9,18.4,17.3,20-30p
165,EURJPY,TIME_STOP,-1.5,15.4,49.8,94.0,31.2,-8.1,-31.2,2.1,-2.9,-4.6,-3.5,-17.9,-18.6,-20.6,9.2,-21.7,-15.4,10-20p
166,EURAUD,TRAILING_STOP,32.2,29.5,52.3,85.9,14.3,0.3,20.0,5.2,14.5,9.5,3.3,14.1,17.8,15.8,14.8,18.4,17.3,20-30p
