id,symbol,direction,score,opened_at,pnl_pips_flat12,outcome_flat12,actual_pnl_pips,threshold,cum_pips
44,EURAUD,LONG,65.0,2026-03-27 09:00:13.357386+00:00,12.0,TP,-7.200000000000539,50,12.0
45,NZDUSD,LONG,60.0,2026-03-27 10:06:11.991731+00:00,-9.100728733107966,SL,-9.100000000000774,50,2.8992712668920344
46,NZDUSD,SHORT,70.87,2026-03-27 11:00:21.798770+00:00,12.0,TP,5.599999999998939,50,14.899271266892034
47,USDCHF,SHORT,65.0,2026-03-27 14:00:07.147714+00:00,-14.7407371905528,SL,-14.500000000000624,50,0.1585340763392349
48,EURUSD,SHORT,63.68,2026-03-27 15:08:27.141184+00:00,12.0,TP,2.1999999999988695,50,12.158534076339235
49,EURGBP,SHORT,75.0,2026-03-30 04:00:20.479515+00:00,-13.699999999999823,SL,-9.000000000000119,50,-1.5414659236605885
50,EURUSD,LONG,80.0,2026-03-30 06:45:44.659272+00:00,-12.486827859110594,SL,-12.5,50,-14.028293782771183
51,NZDUSD,SHORT,80.0,2026-03-30 07:00:48.771808+00:00,12.0,TP,14.399999999999968,50,-2.0282937827711827
52,EURAUD,LONG,70.0,2026-03-30 11:00:49.921874+00:00,12.0,TP,9.5,50,9.971706217228817
53,USDCHF,SHORT,75.0,2026-03-30 13:00:26.472579+00:00,-12.599999999999278,SL,-12.6,50,-2.628293782770461
54,EURUSD,SHORT,75.0,2026-03-31 02:00:42.033075+00:00,12.0,TP,-14.40000000000108,50,9.371706217229539
55,NZDUSD,LONG,60.0,2026-03-31 02:00:42.849806+00:00,-11.099999999999444,SL,-11.5,50,-1.7282937827699048
56,EURAUD,LONG,85.0,2026-03-31 11:02:11.707133+00:00,-16.300000000000203,SL,-22.7,50,-18.028293782770106
57,EURGBP,SHORT,80.0,2026-03-31 11:08:31.922124+00:00,-8.412619361859441,SL,-8.00000000000023,50,-26.440913144629548
58,USDCHF,LONG,80.0,2026-03-31 12:01:22.097110+00:00,12.0,TP,32.49999999999975,50,-14.440913144629548
59,EURAUD,SHORT,50.23,2026-03-31 13:00:54.082182+00:00,-40.40000000000043,SL,-40.79999999999861,50,-54.84091314462998
60,USDCHF,SHORT,70.0,2026-03-31 19:38:46.410732+00:00,12.0,TP,-15.399999999999858,50,-42.84091314462998
61,NZDUSD,LONG,65.0,2026-04-01 13:13:43.697634+00:00,-11.900000000000244,SL,-5.199999999999649,50,-54.74091314463023
62,EURAUD,SHORT,70.0,2026-04-01 17:00:26.946138+00:00,-17.000000000000348,SL,-17.1,50,-71.74091314463058
63,EURAUD,LONG,75.0,2026-04-01 20:00:23.244413+00:00,12.0,TP,6.5,50,-59.74091314463058
64,NZDUSD,SHORT,64.58,2026-04-01 23:00:49.854960+00:00,12.0,TP,-7.900000000000684,50,-47.74091314463058
65,EURUSD,SHORT,80.0,2026-04-02 03:57:06.766868+00:00,12.0,TP,-24.200000000000887,50,-35.74091314463058
66,EURGBP,LONG,76.35,2026-04-02 03:57:07.266806+00:00,12.0,TP,-3.6000000000002697,50,-23.740913144630582
67,USDCHF,SHORT,69.14,2026-04-02 13:01:18.334889+00:00,12.0,TP,3.7,50,-11.740913144630582
68,USDCHF,LONG,77.4,2026-04-02 15:57:45.567286+00:00,-12.000000000000899,SL,-8.60000000000083,50,-23.74091314463148
69,NZDUSD,SHORT,77.72,2026-04-03 00:00:35.858040+00:00,12.0,TP,7.669312624473346,50,-11.740913144631481
70,EURGBP,SHORT,80.0,2026-04-03 02:00:45.566028+00:00,12.0,TP,-13.999999999999568,50,0.25908685536851905
71,EURAUD,SHORT,85.0,2026-04-03 13:00:39.234689+00:00,12.0,TP,-5.100000000000104,50,12.259086855368519
72,EURAUD,LONG,85.0,2026-04-03 17:00:59.823409+00:00,12.0,TP,9.740051198854792,50,24.25908685536852
73,EURAUD,SHORT,90.0,2026-04-05 23:00:27.844590+00:00,12.0,TP,26.123113914405582,50,36.25908685536852
74,EURGBP,SHORT,75.0,2026-04-06 02:00:59.333085+00:00,12.0,TP,-6.599999999999939,50,48.25908685536852
75,EURUSD,LONG,80.0,2026-04-06 16:00:06.036099+00:00,-14.836591984914715,SL,-7.299999999998974,50,33.422494870453804
76,USDCHF,SHORT,80.0,2026-04-06 16:01:07.124467+00:00,12.0,TP,-9.20000000000032,50,45.422494870453804
77,EURAUD,SHORT,80.0,2026-04-07 00:29:26.227920+00:00,-32.60567633263545,SL,-32.70000000000106,50,12.816818537818357
78,NZDUSD,SHORT,85.0,2026-04-07 09:00:44.260584+00:00,12.0,TP,15.499999999999403,50,24.816818537818357
79,EURUSD,SHORT,85.0,2026-04-07 13:29:48.215761+00:00,-19.78858282437379,SL,-20.000000000000018,50,5.028235713444566
80,NZDUSD,LONG,70.0,2026-04-07 14:22:02.730532+00:00,12.0,TP,22.699999999999942,50,17.028235713444566
81,USDCHF,SHORT,80.0,2026-04-07 19:00:04.369635+00:00,12.0,TP,15.699999999999603,50,29.028235713444566
82,EURGBP,SHORT,65.0,2026-04-08 00:53:09.657220+00:00,12.0,TP,14.57031420219157,50,41.028235713444566
83,USDCHF,LONG,60.0,2026-04-08 13:32:16.816714+00:00,12.0,TP,38.3,50,53.028235713444566
84,EURAUD,SHORT,69.26,2026-04-08 15:13:49.806927+00:00,12.0,TP,-31.599999999998296,50,65.02823571344456
85,NZDUSD,LONG,70.0,2026-04-08 23:00:08.094077+00:00,12.0,TP,-1.100000000000545,50,77.02823571344456
86,EURUSD,LONG,70.0,2026-04-09 05:00:03.292219+00:00,-8.999999999999009,SL,-9.300000000000974,50,68.02823571344555
87,USDCHF,SHORT,80.0,2026-04-09 13:00:32.523500+00:00,12.0,TP,-7.399999999999629,50,80.02823571344555
88,USDCHF,LONG,51.94,2026-04-09 18:33:58.949460+00:00,-13.000000000000789,SL,-18.000000000000238,50,67.02823571344476
89,NZDUSD,LONG,85.0,2026-04-10 02:00:58.659637+00:00,-15.183738373498734,SL,-9.100000000000774,50,51.844497339946024
90,EURUSD,LONG,55.38,2026-04-10 05:00:19.953306+00:00,-13.904877386103909,SL,-8.00000000000134,50,37.93961995384211
91,EURGBP,LONG,75.0,2026-04-10 08:51:48.001246+00:00,-8.866864357001125,SL,3.1800000000001827,50,29.072755596840985
92,EURGBP,SHORT,90.0,2026-04-10 15:36:51.456834+00:00,-8.099999999999774,SL,-8.099999999999774,50,20.97275559684121
93,USDCHF,SHORT,79.85,2026-04-10 17:16:17.710045+00:00,-17.828218687760966,SL,-17.800000000000036,50,3.1445369090802444
94,EURJPY,LONG,86.29,2026-04-13 00:39:36.434032+00:00,12.0,TP,10.29356601327038,50,15.144536909080244
95,EURUSD,LONG,84.17,2026-04-13 02:01:00.450274+00:00,12.0,TP,-3.4000000000000696,50,27.144536909080244
96,CHFJPY,SHORT,70.0,2026-04-13 03:00:15.514793+00:00,12.0,TP,-21.000000000000796,50,39.144536909080244
97,EURGBP,LONG,85.0,2026-04-13 06:46:11.868765+00:00,-10.39993987652199,SL,-9.799999999999809,50,28.744597032558254
98,EURAUD,SHORT,60.0,2026-04-13 08:03:34.612923+00:00,-18.800000000001038,SL,-18.80000000000104,50,9.944597032557215
99,USDCHF,SHORT,79.85,2026-04-13 11:15:23.715615+00:00,-17.599999999999838,SL,-17.599999999999838,50,-7.6554029674426225
100,NZDUSD,LONG,70.0,2026-04-13 14:00:44.730523+00:00,12.0,TP,29.94057417466922,50,4.3445970325573775
101,EURAUD,SHORT,60.0,2026-04-13 14:21:59.322348+00:00,12.0,TP,-17.80000000000115,50,16.344597032557378
102,EURGBP,SHORT,60.0,2026-04-14 05:00:42.856735+00:00,-8.324757146130901,SL,-8.324757146130901,50,8.019839886426476
103,NZDUSD,LONG,85.0,2026-04-14 23:45:56.404833+00:00,-9.936103163195042,SL,-9.936103163195042,50,-1.9162632767685661
104,CHFJPY,LONG,85.69,2026-04-15 01:41:33.683612+00:00,-30.810327897549428,SL,-20.09999999999934,50,-32.726591174317996
105,EURGBP,LONG,60.0,2026-04-15 03:00:57.621747+00:00,12.0,TP,4.485436549797273,50,-20.726591174317996
106,EURJPY,LONG,90.0,2026-04-15 05:07:27.171492+00:00,12.0,TP,2.5200000000000955,50,-8.726591174317996
107,USDCHF,SHORT,70.0,2026-04-15 08:12:17.411997+00:00,-11.200000000000099,SL,-11.2000000000001,50,-19.926591174318094
108,GBPJPY,LONG,60.1,2026-04-15 11:11:07.509577+00:00,12.0,TP,30.493075602065577,50,-7.926591174318094
109,EURUSD,LONG,100.0,2026-04-15 15:17:59.553839+00:00,12.0,TP,0.99999999999989,50,4.073408825681906
110,CHFJPY,SHORT,70.0,2026-04-15 17:00:53.282377+00:00,12.0,TP,20.057100903511017,50,16.073408825681906
111,USDCHF,SHORT,90.0,2026-04-16 02:00:59.143716+00:00,12.0,TP,10.7999999999997,50,28.073408825681906
112,EURJPY,LONG,74.57,2026-04-16 07:22:34.395502+00:00,12.0,TP,12.899999999999068,50,40.07340882568191
113,EURUSD,SHORT,53.41,2026-04-16 08:00:29.125366+00:00,12.0,TP,14.80000000000148,50,52.07340882568191
114,GBPJPY,LONG,85.0,2026-04-16 14:00:44.911201+00:00,-22.90000000000134,SL,-22.90000000000134,50,29.173408825680568
115,CHFJPY,LONG,65.4,2026-04-17 01:00:40.378384+00:00,12.0,TP,5.400000000000205,50,41.17340882568057
116,EURUSD,LONG,90.0,2026-04-17 06:48:27.501524+00:00,12.0,TP,20.199999999999108,50,53.17340882568057
117,CHFJPY,SHORT,51.98,2026-04-17 07:00:32.252795+00:00,-16.40000000000157,SL,-16.40000000000157,50,36.773408825679
118,USDCHF,SHORT,60.0,2026-04-17 09:00:57.877025+00:00,12.0,TP,26.000000000000465,50,48.773408825679
119,EURAUD,LONG,65.0,2026-04-17 11:00:10.284454+00:00,-17.599999999999838,SL,-17.599999999999838,50,31.17340882567916
120,EURGBP,LONG,50.0,2026-04-17 14:41:13.630156+00:00,12.0,TP,5.375814884491348,50,43.17340882567916
121,EURAUD,LONG,70.0,2026-04-19 23:00:25.857185+00:00,12.0,TP,13.284912026049422,50,55.17340882567916
122,EURGBP,SHORT,70.0,2026-04-20 08:00:51.107737+00:00,-8.699999999999264,SL,-2.2999999999995246,50,46.4734088256799
123,CHFJPY,LONG,52.5,2026-04-20 09:03:41.304899+00:00,12.0,TP,28.600000000000136,50,58.4734088256799
124,EURAUD,SHORT,63.47,2026-04-20 10:00:25.303361+00:00,12.0,TP,-21.14632486454493,50,70.4734088256799
125,USDCHF,SHORT,82.93,2026-04-20 14:00:50.968099+00:00,-12.15537803887723,SL,-12.15537803887723,50,58.318030786802666
126,GBPJPY,SHORT,80.0,2026-04-20 14:01:30.342782+00:00,-25.100000000000477,SL,-25.100000000000477,50,33.21803078680219
127,EURJPY,SHORT,55.0,2026-04-20 15:13:30.037480+00:00,-27.878644794145657,SL,-27.878644794142815,50,5.339385992656531
128,EURAUD,LONG,57.26,2026-04-21 04:00:37.283291+00:00,12.0,TP,-2.6999999999999247,50,17.33938599265653
129,EURUSD,SHORT,55.0,2026-04-21 08:00:48.690312+00:00,12.0,TP,15.46549209156689,50,29.33938599265653
130,EURGBP,LONG,85.0,2026-04-21 09:00:09.740344+00:00,-11.392241804146774,SL,-8.500000000000174,50,17.947144188509757
131,EURAUD,SHORT,85.0,2026-04-21 17:00:05.141805+00:00,12.0,TP,6.360000000001698,50,29.947144188509757
132,CHFJPY,SHORT,55.0,2026-04-21 20:00:19.639828+00:00,12.0,TP,-22.515645649420435,50,41.94714418850975
133,EURJPY,SHORT,77.5,2026-04-21 20:00:21.432498+00:00,12.0,TP,-24.72620478274621,50,53.94714418850975
134,CHFJPY,LONG,60.0,2026-04-22 10:01:11.176060+00:00,-18.700000000001182,SL,-18.700000000001182,50,35.24714418850857
135,GBPJPY,LONG,65.0,2026-04-22 11:37:31.652040+00:00,-16.499999999999204,SL,-17.099999999999227,50,18.747144188509367
136,NZDUSD,LONG,90.0,2026-04-22 12:00:42.769808+00:00,12.0,TP,2.9999999999996696,50,30.747144188509367
137,EURUSD,SHORT,70.0,2026-04-22 14:00:28.291031+00:00,12.0,TP,24.29999999999932,50,42.74714418850937
138,NZDUSD,SHORT,60.0,2026-04-22 19:00:06.512348+00:00,12.0,TP,-11.011016301909482,50,54.74714418850937
139,EURAUD,SHORT,73.33,2026-04-23 15:00:07.371980+00:00,-31.200000000000117,SL,-31.69999999999895,50,23.54714418850925
140,EURAUD,LONG,62.5,2026-04-23 18:00:27.843663+00:00,12.0,TP,31.959999999999766,50,35.54714418850925
141,EURJPY,LONG,75.0,2026-04-23 23:00:51.486677+00:00,-17.826422918963658,SL,-17.900000000000205,50,17.720721269545592
142,EURUSD,SHORT,80.0,2026-04-24 10:18:24.807082+00:00,-16.20000000000177,SL,-18.000000000000238,50,1.5207212695438237
143,CHFJPY,SHORT,75.0,2026-04-24 10:18:25.642809+00:00,12.0,TP,26.987265131135132,50,13.520721269543824
144,EURGBP,SHORT,75.0,2026-04-24 11:01:03.765646+00:00,12.0,TP,-9.60000000000072,50,25.520721269543824
145,USDCHF,SHORT,80.0,2026-04-24 12:00:44.441700+00:00,-13.500000000000734,SL,-13.500000000000734,50,12.02072126954309
146,GBPJPY,LONG,70.0,2026-04-24 13:00:59.925285+00:00,12.0,TP,27.282933452555085,50,24.02072126954309
147,EURAUD,SHORT,80.0,2026-04-24 15:00:15.504087+00:00,12.0,TP,13.619999999998631,50,36.02072126954309
148,CHFJPY,LONG,69.75,2026-04-26 23:00:10.928006+00:00,12.0,TP,21.18000000000052,50,48.02072126954309
149,EURAUD,SHORT,80.0,2026-04-27 00:00:21.984081+00:00,12.0,TP,19.800000000000928,50,60.02072126954309
150,USDCHF,LONG,90.0,2026-04-27 17:00:35.877563+00:00,-13.299999999999423,SL,12.720000000000065,50,46.72072126954367
151,EURGBP,SHORT,80.0,2026-04-27 19:00:03.782985+00:00,12.0,TP,5.760000000000431,50,58.72072126954367
152,EURAUD,SHORT,81.76,2026-04-28 08:39:47.703905+00:00,-26.699999999999502,SL,-23.699999999999832,50,32.02072126954417
157,EURJPY,SHORT,75.0,2026-04-28 14:00:31.882415+00:00,-38.2000000000005,SL,28.439999999999372,50,-6.179278730456332
159,USDCHF,LONG,60.0,2026-04-29 01:30:39.228725+00:00,12.0,TP,9.540000000000548,50,5.820721269543668
160,EURJPY,LONG,85.0,2026-04-29 09:00:15.711659+00:00,12.0,TP,3.000000000000682,50,17.820721269543668
161,EURUSD,LONG,62.89,2026-04-29 15:30:35.193549+00:00,-9.500000000000064,SL,1.1200132516808736,50,8.320721269543604
163,EURUSD,SHORT,85.0,2026-04-30 13:30:21.947935+00:00,-20.599999999999508,SL,0.0,50,-12.279278730455903
164,EURJPY,SHORT,70.0,2026-05-03 23:01:12.786913+00:00,12.0,TP,10.113005135116282,50,-0.27927873045590346
165,EURJPY,LONG,70.0,2026-05-04 06:00:35.629275+00:00,12.0,TP,-1.500000000001478,50,11.720721269544097
166,EURAUD,SHORT,73.28,2026-05-04 17:00:23.680357+00:00,12.0,TP,32.16388267703607,50,23.720721269544097
44,EURAUD,LONG,65.0,2026-03-27 09:00:13.357386+00:00,12.0,TP,-7.200000000000539,55,12.0
45,NZDUSD,LONG,60.0,2026-03-27 10:06:11.991731+00:00,-9.100728733107966,SL,-9.100000000000774,55,2.8992712668920344
46,NZDUSD,SHORT,70.87,2026-03-27 11:00:21.798770+00:00,12.0,TP,5.599999999998939,55,14.899271266892034
47,USDCHF,SHORT,65.0,2026-03-27 14:00:07.147714+00:00,-14.7407371905528,SL,-14.500000000000624,55,0.1585340763392349
48,EURUSD,SHORT,63.68,2026-03-27 15:08:27.141184+00:00,12.0,TP,2.1999999999988695,55,12.158534076339235
49,EURGBP,SHORT,75.0,2026-03-30 04:00:20.479515+00:00,-13.699999999999823,SL,-9.000000000000119,55,-1.5414659236605885
50,EURUSD,LONG,80.0,2026-03-30 06:45:44.659272+00:00,-12.486827859110594,SL,-12.5,55,-14.028293782771183
51,NZDUSD,SHORT,80.0,2026-03-30 07:00:48.771808+00:00,12.0,TP,14.399999999999968,55,-2.0282937827711827
52,EURAUD,LONG,70.0,2026-03-30 11:00:49.921874+00:00,12.0,TP,9.5,55,9.971706217228817
53,USDCHF,SHORT,75.0,2026-03-30 13:00:26.472579+00:00,-12.599999999999278,SL,-12.6,55,-2.628293782770461
54,EURUSD,SHORT,75.0,2026-03-31 02:00:42.033075+00:00,12.0,TP,-14.40000000000108,55,9.371706217229539
55,NZDUSD,LONG,60.0,2026-03-31 02:00:42.849806+00:00,-11.099999999999444,SL,-11.5,55,-1.7282937827699048
56,EURAUD,LONG,85.0,2026-03-31 11:02:11.707133+00:00,-16.300000000000203,SL,-22.7,55,-18.028293782770106
57,EURGBP,SHORT,80.0,2026-03-31 11:08:31.922124+00:00,-8.412619361859441,SL,-8.00000000000023,55,-26.440913144629548
58,USDCHF,LONG,80.0,2026-03-31 12:01:22.097110+00:00,12.0,TP,32.49999999999975,55,-14.440913144629548
60,USDCHF,SHORT,70.0,2026-03-31 19:38:46.410732+00:00,12.0,TP,-15.399999999999858,55,-2.4409131446295476
61,NZDUSD,LONG,65.0,2026-04-01 13:13:43.697634+00:00,-11.900000000000244,SL,-5.199999999999649,55,-14.340913144629791
62,EURAUD,SHORT,70.0,2026-04-01 17:00:26.946138+00:00,-17.000000000000348,SL,-17.1,55,-31.34091314463014
63,EURAUD,LONG,75.0,2026-04-01 20:00:23.244413+00:00,12.0,TP,6.5,55,-19.34091314463014
64,NZDUSD,SHORT,64.58,2026-04-01 23:00:49.854960+00:00,12.0,TP,-7.900000000000684,55,-7.340913144630139
65,EURUSD,SHORT,80.0,2026-04-02 03:57:06.766868+00:00,12.0,TP,-24.200000000000887,55,4.659086855369861
66,EURGBP,LONG,76.35,2026-04-02 03:57:07.266806+00:00,12.0,TP,-3.6000000000002697,55,16.65908685536986
67,USDCHF,SHORT,69.14,2026-04-02 13:01:18.334889+00:00,12.0,TP,3.7,55,28.65908685536986
68,USDCHF,LONG,77.4,2026-04-02 15:57:45.567286+00:00,-12.000000000000899,SL,-8.60000000000083,55,16.65908685536896
69,NZDUSD,SHORT,77.72,2026-04-03 00:00:35.858040+00:00,12.0,TP,7.669312624473346,55,28.65908685536896
70,EURGBP,SHORT,80.0,2026-04-03 02:00:45.566028+00:00,12.0,TP,-13.999999999999568,55,40.65908685536896
71,EURAUD,SHORT,85.0,2026-04-03 13:00:39.234689+00:00,12.0,TP,-5.100000000000104,55,52.65908685536896
72,EURAUD,LONG,85.0,2026-04-03 17:00:59.823409+00:00,12.0,TP,9.740051198854792,55,64.65908685536897
73,EURAUD,SHORT,90.0,2026-04-05 23:00:27.844590+00:00,12.0,TP,26.123113914405582,55,76.65908685536897
74,EURGBP,SHORT,75.0,2026-04-06 02:00:59.333085+00:00,12.0,TP,-6.599999999999939,55,88.65908685536897
75,EURUSD,LONG,80.0,2026-04-06 16:00:06.036099+00:00,-14.836591984914715,SL,-7.299999999998974,55,73.82249487045425
76,USDCHF,SHORT,80.0,2026-04-06 16:01:07.124467+00:00,12.0,TP,-9.20000000000032,55,85.82249487045425
77,EURAUD,SHORT,80.0,2026-04-07 00:29:26.227920+00:00,-32.60567633263545,SL,-32.70000000000106,55,53.2168185378188
78,NZDUSD,SHORT,85.0,2026-04-07 09:00:44.260584+00:00,12.0,TP,15.499999999999403,55,65.2168185378188
79,EURUSD,SHORT,85.0,2026-04-07 13:29:48.215761+00:00,-19.78858282437379,SL,-20.000000000000018,55,45.428235713445005
80,NZDUSD,LONG,70.0,2026-04-07 14:22:02.730532+00:00,12.0,TP,22.699999999999942,55,57.428235713445005
81,USDCHF,SHORT,80.0,2026-04-07 19:00:04.369635+00:00,12.0,TP,15.699999999999603,55,69.428235713445
82,EURGBP,SHORT,65.0,2026-04-08 00:53:09.657220+00:00,12.0,TP,14.57031420219157,55,81.428235713445
83,USDCHF,LONG,60.0,2026-04-08 13:32:16.816714+00:00,12.0,TP,38.3,55,93.428235713445
84,EURAUD,SHORT,69.26,2026-04-08 15:13:49.806927+00:00,12.0,TP,-31.599999999998296,55,105.428235713445
85,NZDUSD,LONG,70.0,2026-04-08 23:00:08.094077+00:00,12.0,TP,-1.100000000000545,55,117.428235713445
86,EURUSD,LONG,70.0,2026-04-09 05:00:03.292219+00:00,-8.999999999999009,SL,-9.300000000000974,55,108.428235713446
87,USDCHF,SHORT,80.0,2026-04-09 13:00:32.523500+00:00,12.0,TP,-7.399999999999629,55,120.428235713446
89,NZDUSD,LONG,85.0,2026-04-10 02:00:58.659637+00:00,-15.183738373498734,SL,-9.100000000000774,55,105.24449733994726
90,EURUSD,LONG,55.38,2026-04-10 05:00:19.953306+00:00,-13.904877386103909,SL,-8.00000000000134,55,91.33961995384335
91,EURGBP,LONG,75.0,2026-04-10 08:51:48.001246+00:00,-8.866864357001125,SL,3.1800000000001827,55,82.47275559684223
92,EURGBP,SHORT,90.0,2026-04-10 15:36:51.456834+00:00,-8.099999999999774,SL,-8.099999999999774,55,74.37275559684247
93,USDCHF,SHORT,79.85,2026-04-10 17:16:17.710045+00:00,-17.828218687760966,SL,-17.800000000000036,55,56.5445369090815
94,EURJPY,LONG,86.29,2026-04-13 00:39:36.434032+00:00,12.0,TP,10.29356601327038,55,68.5445369090815
95,EURUSD,LONG,84.17,2026-04-13 02:01:00.450274+00:00,12.0,TP,-3.4000000000000696,55,80.5445369090815
96,CHFJPY,SHORT,70.0,2026-04-13 03:00:15.514793+00:00,12.0,TP,-21.000000000000796,55,92.5445369090815
97,EURGBP,LONG,85.0,2026-04-13 06:46:11.868765+00:00,-10.39993987652199,SL,-9.799999999999809,55,82.14459703255952
98,EURAUD,SHORT,60.0,2026-04-13 08:03:34.612923+00:00,-18.800000000001038,SL,-18.80000000000104,55,63.34459703255848
99,USDCHF,SHORT,79.85,2026-04-13 11:15:23.715615+00:00,-17.599999999999838,SL,-17.599999999999838,55,45.744597032558644
100,NZDUSD,LONG,70.0,2026-04-13 14:00:44.730523+00:00,12.0,TP,29.94057417466922,55,57.744597032558644
101,EURAUD,SHORT,60.0,2026-04-13 14:21:59.322348+00:00,12.0,TP,-17.80000000000115,55,69.74459703255864
102,EURGBP,SHORT,60.0,2026-04-14 05:00:42.856735+00:00,-8.324757146130901,SL,-8.324757146130901,55,61.419839886427745
103,NZDUSD,LONG,85.0,2026-04-14 23:45:56.404833+00:00,-9.936103163195042,SL,-9.936103163195042,55,51.4837367232327
104,CHFJPY,LONG,85.69,2026-04-15 01:41:33.683612+00:00,-30.810327897549428,SL,-20.09999999999934,55,20.673408825683275
105,EURGBP,LONG,60.0,2026-04-15 03:00:57.621747+00:00,12.0,TP,4.485436549797273,55,32.673408825683275
106,EURJPY,LONG,90.0,2026-04-15 05:07:27.171492+00:00,12.0,TP,2.5200000000000955,55,44.673408825683275
107,USDCHF,SHORT,70.0,2026-04-15 08:12:17.411997+00:00,-11.200000000000099,SL,-11.2000000000001,55,33.47340882568318
108,GBPJPY,LONG,60.1,2026-04-15 11:11:07.509577+00:00,12.0,TP,30.493075602065577,55,45.47340882568318
109,EURUSD,LONG,100.0,2026-04-15 15:17:59.553839+00:00,12.0,TP,0.99999999999989,55,57.47340882568318
110,CHFJPY,SHORT,70.0,2026-04-15 17:00:53.282377+00:00,12.0,TP,20.057100903511017,55,69.47340882568318
111,USDCHF,SHORT,90.0,2026-04-16 02:00:59.143716+00:00,12.0,TP,10.7999999999997,55,81.47340882568318
112,EURJPY,LONG,74.57,2026-04-16 07:22:34.395502+00:00,12.0,TP,12.899999999999068,55,93.47340882568318
114,GBPJPY,LONG,85.0,2026-04-16 14:00:44.911201+00:00,-22.90000000000134,SL,-22.90000000000134,55,70.57340882568184
115,CHFJPY,LONG,65.4,2026-04-17 01:00:40.378384+00:00,12.0,TP,5.400000000000205,55,82.57340882568184
116,EURUSD,LONG,90.0,2026-04-17 06:48:27.501524+00:00,12.0,TP,20.199999999999108,55,94.57340882568184
118,USDCHF,SHORT,60.0,2026-04-17 09:00:57.877025+00:00,12.0,TP,26.000000000000465,55,106.57340882568184
119,EURAUD,LONG,65.0,2026-04-17 11:00:10.284454+00:00,-17.599999999999838,SL,-17.599999999999838,55,88.973408825682
121,EURAUD,LONG,70.0,2026-04-19 23:00:25.857185+00:00,12.0,TP,13.284912026049422,55,100.973408825682
122,EURGBP,SHORT,70.0,2026-04-20 08:00:51.107737+00:00,-8.699999999999264,SL,-2.2999999999995246,55,92.27340882568274
124,EURAUD,SHORT,63.47,2026-04-20 10:00:25.303361+00:00,12.0,TP,-21.14632486454493,55,104.27340882568274
125,USDCHF,SHORT,82.93,2026-04-20 14:00:50.968099+00:00,-12.15537803887723,SL,-12.15537803887723,55,92.1180307868055
126,GBPJPY,SHORT,80.0,2026-04-20 14:01:30.342782+00:00,-25.100000000000477,SL,-25.100000000000477,55,67.01803078680503
127,EURJPY,SHORT,55.0,2026-04-20 15:13:30.037480+00:00,-27.878644794145657,SL,-27.878644794142815,55,39.13938599265937
128,EURAUD,LONG,57.26,2026-04-21 04:00:37.283291+00:00,12.0,TP,-2.6999999999999247,55,51.13938599265937
129,EURUSD,SHORT,55.0,2026-04-21 08:00:48.690312+00:00,12.0,TP,15.46549209156689,55,63.13938599265937
130,EURGBP,LONG,85.0,2026-04-21 09:00:09.740344+00:00,-11.392241804146774,SL,-8.500000000000174,55,51.74714418851259
131,EURAUD,SHORT,85.0,2026-04-21 17:00:05.141805+00:00,12.0,TP,6.360000000001698,55,63.74714418851259
132,CHFJPY,SHORT,55.0,2026-04-21 20:00:19.639828+00:00,12.0,TP,-22.515645649420435,55,75.74714418851259
133,EURJPY,SHORT,77.5,2026-04-21 20:00:21.432498+00:00,12.0,TP,-24.72620478274621,55,87.74714418851259
134,CHFJPY,LONG,60.0,2026-04-22 10:01:11.176060+00:00,-18.700000000001182,SL,-18.700000000001182,55,69.04714418851141
135,GBPJPY,LONG,65.0,2026-04-22 11:37:31.652040+00:00,-16.499999999999204,SL,-17.099999999999227,55,52.547144188512206
136,NZDUSD,LONG,90.0,2026-04-22 12:00:42.769808+00:00,12.0,TP,2.9999999999996696,55,64.5471441885122
137,EURUSD,SHORT,70.0,2026-04-22 14:00:28.291031+00:00,12.0,TP,24.29999999999932,55,76.5471441885122
138,NZDUSD,SHORT,60.0,2026-04-22 19:00:06.512348+00:00,12.0,TP,-11.011016301909482,55,88.5471441885122
139,EURAUD,SHORT,73.33,2026-04-23 15:00:07.371980+00:00,-31.200000000000117,SL,-31.69999999999895,55,57.34714418851209
140,EURAUD,LONG,62.5,2026-04-23 18:00:27.843663+00:00,12.0,TP,31.959999999999766,55,69.34714418851209
141,EURJPY,LONG,75.0,2026-04-23 23:00:51.486677+00:00,-17.826422918963658,SL,-17.900000000000205,55,51.52072126954843
142,EURUSD,SHORT,80.0,2026-04-24 10:18:24.807082+00:00,-16.20000000000177,SL,-18.000000000000238,55,35.32072126954667
143,CHFJPY,SHORT,75.0,2026-04-24 10:18:25.642809+00:00,12.0,TP,26.987265131135132,55,47.32072126954667
144,EURGBP,SHORT,75.0,2026-04-24 11:01:03.765646+00:00,12.0,TP,-9.60000000000072,55,59.32072126954667
145,USDCHF,SHORT,80.0,2026-04-24 12:00:44.441700+00:00,-13.500000000000734,SL,-13.500000000000734,55,45.820721269545935
146,GBPJPY,LONG,70.0,2026-04-24 13:00:59.925285+00:00,12.0,TP,27.282933452555085,55,57.820721269545935
147,EURAUD,SHORT,80.0,2026-04-24 15:00:15.504087+00:00,12.0,TP,13.619999999998631,55,69.82072126954594
148,CHFJPY,LONG,69.75,2026-04-26 23:00:10.928006+00:00,12.0,TP,21.18000000000052,55,81.82072126954594
149,EURAUD,SHORT,80.0,2026-04-27 00:00:21.984081+00:00,12.0,TP,19.800000000000928,55,93.82072126954594
150,USDCHF,LONG,90.0,2026-04-27 17:00:35.877563+00:00,-13.299999999999423,SL,12.720000000000065,55,80.52072126954651
151,EURGBP,SHORT,80.0,2026-04-27 19:00:03.782985+00:00,12.0,TP,5.760000000000431,55,92.52072126954651
152,EURAUD,SHORT,81.76,2026-04-28 08:39:47.703905+00:00,-26.699999999999502,SL,-23.699999999999832,55,65.82072126954701
157,EURJPY,SHORT,75.0,2026-04-28 14:00:31.882415+00:00,-38.2000000000005,SL,28.439999999999372,55,27.620721269546507
159,USDCHF,LONG,60.0,2026-04-29 01:30:39.228725+00:00,12.0,TP,9.540000000000548,55,39.62072126954651
160,EURJPY,LONG,85.0,2026-04-29 09:00:15.711659+00:00,12.0,TP,3.000000000000682,55,51.62072126954651
161,EURUSD,LONG,62.89,2026-04-29 15:30:35.193549+00:00,-9.500000000000064,SL,1.1200132516808736,55,42.12072126954644
163,EURUSD,SHORT,85.0,2026-04-30 13:30:21.947935+00:00,-20.599999999999508,SL,0.0,55,21.520721269546936
164,EURJPY,SHORT,70.0,2026-05-03 23:01:12.786913+00:00,12.0,TP,10.113005135116282,55,33.52072126954694
165,EURJPY,LONG,70.0,2026-05-04 06:00:35.629275+00:00,12.0,TP,-1.500000000001478,55,45.52072126954694
166,EURAUD,SHORT,73.28,2026-05-04 17:00:23.680357+00:00,12.0,TP,32.16388267703607,55,57.52072126954694
44,EURAUD,LONG,65.0,2026-03-27 09:00:13.357386+00:00,12.0,TP,-7.200000000000539,60,12.0
45,NZDUSD,LONG,60.0,2026-03-27 10:06:11.991731+00:00,-9.100728733107966,SL,-9.100000000000774,60,2.8992712668920344
46,NZDUSD,SHORT,70.87,2026-03-27 11:00:21.798770+00:00,12.0,TP,5.599999999998939,60,14.899271266892034
47,USDCHF,SHORT,65.0,2026-03-27 14:00:07.147714+00:00,-14.7407371905528,SL,-14.500000000000624,60,0.1585340763392349
48,EURUSD,SHORT,63.68,2026-03-27 15:08:27.141184+00:00,12.0,TP,2.1999999999988695,60,12.158534076339235
49,EURGBP,SHORT,75.0,2026-03-30 04:00:20.479515+00:00,-13.699999999999823,SL,-9.000000000000119,60,-1.5414659236605885
50,EURUSD,LONG,80.0,2026-03-30 06:45:44.659272+00:00,-12.486827859110594,SL,-12.5,60,-14.028293782771183
51,NZDUSD,SHORT,80.0,2026-03-30 07:00:48.771808+00:00,12.0,TP,14.399999999999968,60,-2.0282937827711827
52,EURAUD,LONG,70.0,2026-03-30 11:00:49.921874+00:00,12.0,TP,9.5,60,9.971706217228817
53,USDCHF,SHORT,75.0,2026-03-30 13:00:26.472579+00:00,-12.599999999999278,SL,-12.6,60,-2.628293782770461
54,EURUSD,SHORT,75.0,2026-03-31 02:00:42.033075+00:00,12.0,TP,-14.40000000000108,60,9.371706217229539
55,NZDUSD,LONG,60.0,2026-03-31 02:00:42.849806+00:00,-11.099999999999444,SL,-11.5,60,-1.7282937827699048
56,EURAUD,LONG,85.0,2026-03-31 11:02:11.707133+00:00,-16.300000000000203,SL,-22.7,60,-18.028293782770106
57,EURGBP,SHORT,80.0,2026-03-31 11:08:31.922124+00:00,-8.412619361859441,SL,-8.00000000000023,60,-26.440913144629548
58,USDCHF,LONG,80.0,2026-03-31 12:01:22.097110+00:00,12.0,TP,32.49999999999975,60,-14.440913144629548
60,USDCHF,SHORT,70.0,2026-03-31 19:38:46.410732+00:00,12.0,TP,-15.399999999999858,60,-2.4409131446295476
61,NZDUSD,LONG,65.0,2026-04-01 13:13:43.697634+00:00,-11.900000000000244,SL,-5.199999999999649,60,-14.340913144629791
62,EURAUD,SHORT,70.0,2026-04-01 17:00:26.946138+00:00,-17.000000000000348,SL,-17.1,60,-31.34091314463014
63,EURAUD,LONG,75.0,2026-04-01 20:00:23.244413+00:00,12.0,TP,6.5,60,-19.34091314463014
64,NZDUSD,SHORT,64.58,2026-04-01 23:00:49.854960+00:00,12.0,TP,-7.900000000000684,60,-7.340913144630139
65,EURUSD,SHORT,80.0,2026-04-02 03:57:06.766868+00:00,12.0,TP,-24.200000000000887,60,4.659086855369861
66,EURGBP,LONG,76.35,2026-04-02 03:57:07.266806+00:00,12.0,TP,-3.6000000000002697,60,16.65908685536986
67,USDCHF,SHORT,69.14,2026-04-02 13:01:18.334889+00:00,12.0,TP,3.7,60,28.65908685536986
68,USDCHF,LONG,77.4,2026-04-02 15:57:45.567286+00:00,-12.000000000000899,SL,-8.60000000000083,60,16.65908685536896
69,NZDUSD,SHORT,77.72,2026-04-03 00:00:35.858040+00:00,12.0,TP,7.669312624473346,60,28.65908685536896
70,EURGBP,SHORT,80.0,2026-04-03 02:00:45.566028+00:00,12.0,TP,-13.999999999999568,60,40.65908685536896
71,EURAUD,SHORT,85.0,2026-04-03 13:00:39.234689+00:00,12.0,TP,-5.100000000000104,60,52.65908685536896
72,EURAUD,LONG,85.0,2026-04-03 17:00:59.823409+00:00,12.0,TP,9.740051198854792,60,64.65908685536897
73,EURAUD,SHORT,90.0,2026-04-05 23:00:27.844590+00:00,12.0,TP,26.123113914405582,60,76.65908685536897
74,EURGBP,SHORT,75.0,2026-04-06 02:00:59.333085+00:00,12.0,TP,-6.599999999999939,60,88.65908685536897
75,EURUSD,LONG,80.0,2026-04-06 16:00:06.036099+00:00,-14.836591984914715,SL,-7.299999999998974,60,73.82249487045425
76,USDCHF,SHORT,80.0,2026-04-06 16:01:07.124467+00:00,12.0,TP,-9.20000000000032,60,85.82249487045425
77,EURAUD,SHORT,80.0,2026-04-07 00:29:26.227920+00:00,-32.60567633263545,SL,-32.70000000000106,60,53.2168185378188
78,NZDUSD,SHORT,85.0,2026-04-07 09:00:44.260584+00:00,12.0,TP,15.499999999999403,60,65.2168185378188
79,EURUSD,SHORT,85.0,2026-04-07 13:29:48.215761+00:00,-19.78858282437379,SL,-20.000000000000018,60,45.428235713445005
80,NZDUSD,LONG,70.0,2026-04-07 14:22:02.730532+00:00,12.0,TP,22.699999999999942,60,57.428235713445005
81,USDCHF,SHORT,80.0,2026-04-07 19:00:04.369635+00:00,12.0,TP,15.699999999999603,60,69.428235713445
82,EURGBP,SHORT,65.0,2026-04-08 00:53:09.657220+00:00,12.0,TP,14.57031420219157,60,81.428235713445
83,USDCHF,LONG,60.0,2026-04-08 13:32:16.816714+00:00,12.0,TP,38.3,60,93.428235713445
84,EURAUD,SHORT,69.26,2026-04-08 15:13:49.806927+00:00,12.0,TP,-31.599999999998296,60,105.428235713445
85,NZDUSD,LONG,70.0,2026-04-08 23:00:08.094077+00:00,12.0,TP,-1.100000000000545,60,117.428235713445
86,EURUSD,LONG,70.0,2026-04-09 05:00:03.292219+00:00,-8.999999999999009,SL,-9.300000000000974,60,108.428235713446
87,USDCHF,SHORT,80.0,2026-04-09 13:00:32.523500+00:00,12.0,TP,-7.399999999999629,60,120.428235713446
89,NZDUSD,LONG,85.0,2026-04-10 02:00:58.659637+00:00,-15.183738373498734,SL,-9.100000000000774,60,105.24449733994726
91,EURGBP,LONG,75.0,2026-04-10 08:51:48.001246+00:00,-8.866864357001125,SL,3.1800000000001827,60,96.37763298294614
92,EURGBP,SHORT,90.0,2026-04-10 15:36:51.456834+00:00,-8.099999999999774,SL,-8.099999999999774,60,88.27763298294636
93,USDCHF,SHORT,79.85,2026-04-10 17:16:17.710045+00:00,-17.828218687760966,SL,-17.800000000000036,60,70.44941429518539
94,EURJPY,LONG,86.29,2026-04-13 00:39:36.434032+00:00,12.0,TP,10.29356601327038,60,82.44941429518539
95,EURUSD,LONG,84.17,2026-04-13 02:01:00.450274+00:00,12.0,TP,-3.4000000000000696,60,94.44941429518539
96,CHFJPY,SHORT,70.0,2026-04-13 03:00:15.514793+00:00,12.0,TP,-21.000000000000796,60,106.44941429518539
97,EURGBP,LONG,85.0,2026-04-13 06:46:11.868765+00:00,-10.39993987652199,SL,-9.799999999999809,60,96.04947441866341
98,EURAUD,SHORT,60.0,2026-04-13 08:03:34.612923+00:00,-18.800000000001038,SL,-18.80000000000104,60,77.24947441866237
99,USDCHF,SHORT,79.85,2026-04-13 11:15:23.715615+00:00,-17.599999999999838,SL,-17.599999999999838,60,59.649474418662535
100,NZDUSD,LONG,70.0,2026-04-13 14:00:44.730523+00:00,12.0,TP,29.94057417466922,60,71.64947441866254
101,EURAUD,SHORT,60.0,2026-04-13 14:21:59.322348+00:00,12.0,TP,-17.80000000000115,60,83.64947441866254
102,EURGBP,SHORT,60.0,2026-04-14 05:00:42.856735+00:00,-8.324757146130901,SL,-8.324757146130901,60,75.32471727253163
103,NZDUSD,LONG,85.0,2026-04-14 23:45:56.404833+00:00,-9.936103163195042,SL,-9.936103163195042,60,65.38861410933659
104,CHFJPY,LONG,85.69,2026-04-15 01:41:33.683612+00:00,-30.810327897549428,SL,-20.09999999999934,60,34.57828621178716
105,EURGBP,LONG,60.0,2026-04-15 03:00:57.621747+00:00,12.0,TP,4.485436549797273,60,46.57828621178716
106,EURJPY,LONG,90.0,2026-04-15 05:07:27.171492+00:00,12.0,TP,2.5200000000000955,60,58.57828621178716
107,USDCHF,SHORT,70.0,2026-04-15 08:12:17.411997+00:00,-11.200000000000099,SL,-11.2000000000001,60,47.37828621178706
108,GBPJPY,LONG,60.1,2026-04-15 11:11:07.509577+00:00,12.0,TP,30.493075602065577,60,59.37828621178706
109,EURUSD,LONG,100.0,2026-04-15 15:17:59.553839+00:00,12.0,TP,0.99999999999989,60,71.37828621178706
110,CHFJPY,SHORT,70.0,2026-04-15 17:00:53.282377+00:00,12.0,TP,20.057100903511017,60,83.37828621178706
111,USDCHF,SHORT,90.0,2026-04-16 02:00:59.143716+00:00,12.0,TP,10.7999999999997,60,95.37828621178706
112,EURJPY,LONG,74.57,2026-04-16 07:22:34.395502+00:00,12.0,TP,12.899999999999068,60,107.37828621178706
114,GBPJPY,LONG,85.0,2026-04-16 14:00:44.911201+00:00,-22.90000000000134,SL,-22.90000000000134,60,84.47828621178571
115,CHFJPY,LONG,65.4,2026-04-17 01:00:40.378384+00:00,12.0,TP,5.400000000000205,60,96.47828621178571
116,EURUSD,LONG,90.0,2026-04-17 06:48:27.501524+00:00,12.0,TP,20.199999999999108,60,108.47828621178571
118,USDCHF,SHORT,60.0,2026-04-17 09:00:57.877025+00:00,12.0,TP,26.000000000000465,60,120.47828621178571
119,EURAUD,LONG,65.0,2026-04-17 11:00:10.284454+00:00,-17.599999999999838,SL,-17.599999999999838,60,102.87828621178588
121,EURAUD,LONG,70.0,2026-04-19 23:00:25.857185+00:00,12.0,TP,13.284912026049422,60,114.87828621178588
122,EURGBP,SHORT,70.0,2026-04-20 08:00:51.107737+00:00,-8.699999999999264,SL,-2.2999999999995246,60,106.17828621178661
124,EURAUD,SHORT,63.47,2026-04-20 10:00:25.303361+00:00,12.0,TP,-21.14632486454493,60,118.17828621178661
125,USDCHF,SHORT,82.93,2026-04-20 14:00:50.968099+00:00,-12.15537803887723,SL,-12.15537803887723,60,106.02290817290938
126,GBPJPY,SHORT,80.0,2026-04-20 14:01:30.342782+00:00,-25.100000000000477,SL,-25.100000000000477,60,80.9229081729089
130,EURGBP,LONG,85.0,2026-04-21 09:00:09.740344+00:00,-11.392241804146774,SL,-8.500000000000174,60,69.53066636876213
131,EURAUD,SHORT,85.0,2026-04-21 17:00:05.141805+00:00,12.0,TP,6.360000000001698,60,81.53066636876213
133,EURJPY,SHORT,77.5,2026-04-21 20:00:21.432498+00:00,12.0,TP,-24.72620478274621,60,93.53066636876213
134,CHFJPY,LONG,60.0,2026-04-22 10:01:11.176060+00:00,-18.700000000001182,SL,-18.700000000001182,60,74.83066636876094
135,GBPJPY,LONG,65.0,2026-04-22 11:37:31.652040+00:00,-16.499999999999204,SL,-17.099999999999227,60,58.33066636876174
136,NZDUSD,LONG,90.0,2026-04-22 12:00:42.769808+00:00,12.0,TP,2.9999999999996696,60,70.33066636876174
137,EURUSD,SHORT,70.0,2026-04-22 14:00:28.291031+00:00,12.0,TP,24.29999999999932,60,82.33066636876174
138,NZDUSD,SHORT,60.0,2026-04-22 19:00:06.512348+00:00,12.0,TP,-11.011016301909482,60,94.33066636876174
139,EURAUD,SHORT,73.33,2026-04-23 15:00:07.371980+00:00,-31.200000000000117,SL,-31.69999999999895,60,63.130666368761624
140,EURAUD,LONG,62.5,2026-04-23 18:00:27.843663+00:00,12.0,TP,31.959999999999766,60,75.13066636876162
141,EURJPY,LONG,75.0,2026-04-23 23:00:51.486677+00:00,-17.826422918963658,SL,-17.900000000000205,60,57.304243449797966
142,EURUSD,SHORT,80.0,2026-04-24 10:18:24.807082+00:00,-16.20000000000177,SL,-18.000000000000238,60,41.1042434497962
143,CHFJPY,SHORT,75.0,2026-04-24 10:18:25.642809+00:00,12.0,TP,26.987265131135132,60,53.1042434497962
144,EURGBP,SHORT,75.0,2026-04-24 11:01:03.765646+00:00,12.0,TP,-9.60000000000072,60,65.1042434497962
145,USDCHF,SHORT,80.0,2026-04-24 12:00:44.441700+00:00,-13.500000000000734,SL,-13.500000000000734,60,51.60424344979547
146,GBPJPY,LONG,70.0,2026-04-24 13:00:59.925285+00:00,12.0,TP,27.282933452555085,60,63.60424344979547
147,EURAUD,SHORT,80.0,2026-04-24 15:00:15.504087+00:00,12.0,TP,13.619999999998631,60,75.60424344979546
148,CHFJPY,LONG,69.75,2026-04-26 23:00:10.928006+00:00,12.0,TP,21.18000000000052,60,87.60424344979546
149,EURAUD,SHORT,80.0,2026-04-27 00:00:21.984081+00:00,12.0,TP,19.800000000000928,60,99.60424344979546
150,USDCHF,LONG,90.0,2026-04-27 17:00:35.877563+00:00,-13.299999999999423,SL,12.720000000000065,60,86.30424344979603
151,EURGBP,SHORT,80.0,2026-04-27 19:00:03.782985+00:00,12.0,TP,5.760000000000431,60,98.30424344979603
152,EURAUD,SHORT,81.76,2026-04-28 08:39:47.703905+00:00,-26.699999999999502,SL,-23.699999999999832,60,71.60424344979653
157,EURJPY,SHORT,75.0,2026-04-28 14:00:31.882415+00:00,-38.2000000000005,SL,28.439999999999372,60,33.40424344979603
159,USDCHF,LONG,60.0,2026-04-29 01:30:39.228725+00:00,12.0,TP,9.540000000000548,60,45.40424344979603
160,EURJPY,LONG,85.0,2026-04-29 09:00:15.711659+00:00,12.0,TP,3.000000000000682,60,57.40424344979603
161,EURUSD,LONG,62.89,2026-04-29 15:30:35.193549+00:00,-9.500000000000064,SL,1.1200132516808736,60,47.90424344979596
163,EURUSD,SHORT,85.0,2026-04-30 13:30:21.947935+00:00,-20.599999999999508,SL,0.0,60,27.304243449796456
164,EURJPY,SHORT,70.0,2026-05-03 23:01:12.786913+00:00,12.0,TP,10.113005135116282,60,39.30424344979646
165,EURJPY,LONG,70.0,2026-05-04 06:00:35.629275+00:00,12.0,TP,-1.500000000001478,60,51.30424344979646
166,EURAUD,SHORT,73.28,2026-05-04 17:00:23.680357+00:00,12.0,TP,32.16388267703607,60,63.30424344979646
44,EURAUD,LONG,65.0,2026-03-27 09:00:13.357386+00:00,12.0,TP,-7.200000000000539,65,12.0
46,NZDUSD,SHORT,70.87,2026-03-27 11:00:21.798770+00:00,12.0,TP,5.599999999998939,65,24.0
47,USDCHF,SHORT,65.0,2026-03-27 14:00:07.147714+00:00,-14.7407371905528,SL,-14.500000000000624,65,9.2592628094472
49,EURGBP,SHORT,75.0,2026-03-30 04:00:20.479515+00:00,-13.699999999999823,SL,-9.000000000000119,65,-4.440737190552623
50,EURUSD,LONG,80.0,2026-03-30 06:45:44.659272+00:00,-12.486827859110594,SL,-12.5,65,-16.927565049663215
51,NZDUSD,SHORT,80.0,2026-03-30 07:00:48.771808+00:00,12.0,TP,14.399999999999968,65,-4.927565049663215
52,EURAUD,LONG,70.0,2026-03-30 11:00:49.921874+00:00,12.0,TP,9.5,65,7.072434950336785
53,USDCHF,SHORT,75.0,2026-03-30 13:00:26.472579+00:00,-12.599999999999278,SL,-12.6,65,-5.527565049662494
54,EURUSD,SHORT,75.0,2026-03-31 02:00:42.033075+00:00,12.0,TP,-14.40000000000108,65,6.472434950337506
56,EURAUD,LONG,85.0,2026-03-31 11:02:11.707133+00:00,-16.300000000000203,SL,-22.7,65,-9.827565049662697
57,EURGBP,SHORT,80.0,2026-03-31 11:08:31.922124+00:00,-8.412619361859441,SL,-8.00000000000023,65,-18.240184411522137
58,USDCHF,LONG,80.0,2026-03-31 12:01:22.097110+00:00,12.0,TP,32.49999999999975,65,-6.2401844115221365
60,USDCHF,SHORT,70.0,2026-03-31 19:38:46.410732+00:00,12.0,TP,-15.399999999999858,65,5.7598155884778635
61,NZDUSD,LONG,65.0,2026-04-01 13:13:43.697634+00:00,-11.900000000000244,SL,-5.199999999999649,65,-6.14018441152238
62,EURAUD,SHORT,70.0,2026-04-01 17:00:26.946138+00:00,-17.000000000000348,SL,-17.1,65,-23.14018441152273
63,EURAUD,LONG,75.0,2026-04-01 20:00:23.244413+00:00,12.0,TP,6.5,65,-11.140184411522728
65,EURUSD,SHORT,80.0,2026-04-02 03:57:06.766868+00:00,12.0,TP,-24.200000000000887,65,0.8598155884772716
66,EURGBP,LONG,76.35,2026-04-02 03:57:07.266806+00:00,12.0,TP,-3.6000000000002697,65,12.859815588477272
67,USDCHF,SHORT,69.14,2026-04-02 13:01:18.334889+00:00,12.0,TP,3.7,65,24.85981558847727
68,USDCHF,LONG,77.4,2026-04-02 15:57:45.567286+00:00,-12.000000000000899,SL,-8.60000000000083,65,12.859815588476373
69,NZDUSD,SHORT,77.72,2026-04-03 00:00:35.858040+00:00,12.0,TP,7.669312624473346,65,24.859815588476373
70,EURGBP,SHORT,80.0,2026-04-03 02:00:45.566028+00:00,12.0,TP,-13.999999999999568,65,36.85981558847637
71,EURAUD,SHORT,85.0,2026-04-03 13:00:39.234689+00:00,12.0,TP,-5.100000000000104,65,48.85981558847637
72,EURAUD,LONG,85.0,2026-04-03 17:00:59.823409+00:00,12.0,TP,9.740051198854792,65,60.85981558847637
73,EURAUD,SHORT,90.0,2026-04-05 23:00:27.844590+00:00,12.0,TP,26.123113914405582,65,72.85981558847638
74,EURGBP,SHORT,75.0,2026-04-06 02:00:59.333085+00:00,12.0,TP,-6.599999999999939,65,84.85981558847638
75,EURUSD,LONG,80.0,2026-04-06 16:00:06.036099+00:00,-14.836591984914715,SL,-7.299999999998974,65,70.02322360356166
76,USDCHF,SHORT,80.0,2026-04-06 16:01:07.124467+00:00,12.0,TP,-9.20000000000032,65,82.02322360356166
77,EURAUD,SHORT,80.0,2026-04-07 00:29:26.227920+00:00,-32.60567633263545,SL,-32.70000000000106,65,49.417547270926214
78,NZDUSD,SHORT,85.0,2026-04-07 09:00:44.260584+00:00,12.0,TP,15.499999999999403,65,61.417547270926214
79,EURUSD,SHORT,85.0,2026-04-07 13:29:48.215761+00:00,-19.78858282437379,SL,-20.000000000000018,65,41.62896444655242
80,NZDUSD,LONG,70.0,2026-04-07 14:22:02.730532+00:00,12.0,TP,22.699999999999942,65,53.62896444655242
81,USDCHF,SHORT,80.0,2026-04-07 19:00:04.369635+00:00,12.0,TP,15.699999999999603,65,65.62896444655243
82,EURGBP,SHORT,65.0,2026-04-08 00:53:09.657220+00:00,12.0,TP,14.57031420219157,65,77.62896444655243
84,EURAUD,SHORT,69.26,2026-04-08 15:13:49.806927+00:00,12.0,TP,-31.599999999998296,65,89.62896444655243
85,NZDUSD,LONG,70.0,2026-04-08 23:00:08.094077+00:00,12.0,TP,-1.100000000000545,65,101.62896444655243
86,EURUSD,LONG,70.0,2026-04-09 05:00:03.292219+00:00,-8.999999999999009,SL,-9.300000000000974,65,92.62896444655343
87,USDCHF,SHORT,80.0,2026-04-09 13:00:32.523500+00:00,12.0,TP,-7.399999999999629,65,104.62896444655343
89,NZDUSD,LONG,85.0,2026-04-10 02:00:58.659637+00:00,-15.183738373498734,SL,-9.100000000000774,65,89.4452260730547
91,EURGBP,LONG,75.0,2026-04-10 08:51:48.001246+00:00,-8.866864357001125,SL,3.1800000000001827,65,80.57836171605358
92,EURGBP,SHORT,90.0,2026-04-10 15:36:51.456834+00:00,-8.099999999999774,SL,-8.099999999999774,65,72.4783617160538
93,USDCHF,SHORT,79.85,2026-04-10 17:16:17.710045+00:00,-17.828218687760966,SL,-17.800000000000036,65,54.65014302829283
94,EURJPY,LONG,86.29,2026-04-13 00:39:36.434032+00:00,12.0,TP,10.29356601327038,65,66.65014302829283
95,EURUSD,LONG,84.17,2026-04-13 02:01:00.450274+00:00,12.0,TP,-3.4000000000000696,65,78.65014302829283
96,CHFJPY,SHORT,70.0,2026-04-13 03:00:15.514793+00:00,12.0,TP,-21.000000000000796,65,90.65014302829283
97,EURGBP,LONG,85.0,2026-04-13 06:46:11.868765+00:00,-10.39993987652199,SL,-9.799999999999809,65,80.25020315177085
99,USDCHF,SHORT,79.85,2026-04-13 11:15:23.715615+00:00,-17.599999999999838,SL,-17.599999999999838,65,62.65020315177101
100,NZDUSD,LONG,70.0,2026-04-13 14:00:44.730523+00:00,12.0,TP,29.94057417466922,65,74.65020315177101
103,NZDUSD,LONG,85.0,2026-04-14 23:45:56.404833+00:00,-9.936103163195042,SL,-9.936103163195042,65,64.71409998857597
104,CHFJPY,LONG,85.69,2026-04-15 01:41:33.683612+00:00,-30.810327897549428,SL,-20.09999999999934,65,33.90377209102654
106,EURJPY,LONG,90.0,2026-04-15 05:07:27.171492+00:00,12.0,TP,2.5200000000000955,65,45.90377209102654
107,USDCHF,SHORT,70.0,2026-04-15 08:12:17.411997+00:00,-11.200000000000099,SL,-11.2000000000001,65,34.70377209102644
109,EURUSD,LONG,100.0,2026-04-15 15:17:59.553839+00:00,12.0,TP,0.99999999999989,65,46.70377209102644
110,CHFJPY,SHORT,70.0,2026-04-15 17:00:53.282377+00:00,12.0,TP,20.057100903511017,65,58.70377209102644
111,USDCHF,SHORT,90.0,2026-04-16 02:00:59.143716+00:00,12.0,TP,10.7999999999997,65,70.70377209102644
112,EURJPY,LONG,74.57,2026-04-16 07:22:34.395502+00:00,12.0,TP,12.899999999999068,65,82.70377209102644
114,GBPJPY,LONG,85.0,2026-04-16 14:00:44.911201+00:00,-22.90000000000134,SL,-22.90000000000134,65,59.803772091025095
115,CHFJPY,LONG,65.4,2026-04-17 01:00:40.378384+00:00,12.0,TP,5.400000000000205,65,71.8037720910251
116,EURUSD,LONG,90.0,2026-04-17 06:48:27.501524+00:00,12.0,TP,20.199999999999108,65,83.8037720910251
119,EURAUD,LONG,65.0,2026-04-17 11:00:10.284454+00:00,-17.599999999999838,SL,-17.599999999999838,65,66.20377209102526
121,EURAUD,LONG,70.0,2026-04-19 23:00:25.857185+00:00,12.0,TP,13.284912026049422,65,78.20377209102526
122,EURGBP,SHORT,70.0,2026-04-20 08:00:51.107737+00:00,-8.699999999999264,SL,-2.2999999999995246,65,69.503772091026
125,USDCHF,SHORT,82.93,2026-04-20 14:00:50.968099+00:00,-12.15537803887723,SL,-12.15537803887723,65,57.34839405214876
126,GBPJPY,SHORT,80.0,2026-04-20 14:01:30.342782+00:00,-25.100000000000477,SL,-25.100000000000477,65,32.248394052148285
130,EURGBP,LONG,85.0,2026-04-21 09:00:09.740344+00:00,-11.392241804146774,SL,-8.500000000000174,65,20.85615224800151
131,EURAUD,SHORT,85.0,2026-04-21 17:00:05.141805+00:00,12.0,TP,6.360000000001698,65,32.85615224800151
133,EURJPY,SHORT,77.5,2026-04-21 20:00:21.432498+00:00,12.0,TP,-24.72620478274621,65,44.85615224800151
135,GBPJPY,LONG,65.0,2026-04-22 11:37:31.652040+00:00,-16.499999999999204,SL,-17.099999999999227,65,28.356152248002303
136,NZDUSD,LONG,90.0,2026-04-22 12:00:42.769808+00:00,12.0,TP,2.9999999999996696,65,40.3561522480023
137,EURUSD,SHORT,70.0,2026-04-22 14:00:28.291031+00:00,12.0,TP,24.29999999999932,65,52.3561522480023
139,EURAUD,SHORT,73.33,2026-04-23 15:00:07.371980+00:00,-31.200000000000117,SL,-31.69999999999895,65,21.156152248002186
141,EURJPY,LONG,75.0,2026-04-23 23:00:51.486677+00:00,-17.826422918963658,SL,-17.900000000000205,65,3.3297293290385284
142,EURUSD,SHORT,80.0,2026-04-24 10:18:24.807082+00:00,-16.20000000000177,SL,-18.000000000000238,65,-12.87027067096324
143,CHFJPY,SHORT,75.0,2026-04-24 10:18:25.642809+00:00,12.0,TP,26.987265131135132,65,-0.8702706709632402
144,EURGBP,SHORT,75.0,2026-04-24 11:01:03.765646+00:00,12.0,TP,-9.60000000000072,65,11.12972932903676
145,USDCHF,SHORT,80.0,2026-04-24 12:00:44.441700+00:00,-13.500000000000734,SL,-13.500000000000734,65,-2.370270670963974
146,GBPJPY,LONG,70.0,2026-04-24 13:00:59.925285+00:00,12.0,TP,27.282933452555085,65,9.629729329036026
147,EURAUD,SHORT,80.0,2026-04-24 15:00:15.504087+00:00,12.0,TP,13.619999999998631,65,21.629729329036024
148,CHFJPY,LONG,69.75,2026-04-26 23:00:10.928006+00:00,12.0,TP,21.18000000000052,65,33.629729329036024
149,EURAUD,SHORT,80.0,2026-04-27 00:00:21.984081+00:00,12.0,TP,19.800000000000928,65,45.629729329036024
150,USDCHF,LONG,90.0,2026-04-27 17:00:35.877563+00:00,-13.299999999999423,SL,12.720000000000065,65,32.3297293290366
151,EURGBP,SHORT,80.0,2026-04-27 19:00:03.782985+00:00,12.0,TP,5.760000000000431,65,44.3297293290366
152,EURAUD,SHORT,81.76,2026-04-28 08:39:47.703905+00:00,-26.699999999999502,SL,-23.699999999999832,65,17.6297293290371
157,EURJPY,SHORT,75.0,2026-04-28 14:00:31.882415+00:00,-38.2000000000005,SL,28.439999999999372,65,-20.5702706709634
160,EURJPY,LONG,85.0,2026-04-29 09:00:15.711659+00:00,12.0,TP,3.000000000000682,65,-8.5702706709634
163,EURUSD,SHORT,85.0,2026-04-30 13:30:21.947935+00:00,-20.599999999999508,SL,0.0,65,-29.170270670962907
164,EURJPY,SHORT,70.0,2026-05-03 23:01:12.786913+00:00,12.0,TP,10.113005135116282,65,-17.170270670962907
165,EURJPY,LONG,70.0,2026-05-04 06:00:35.629275+00:00,12.0,TP,-1.500000000001478,65,-5.170270670962907
166,EURAUD,SHORT,73.28,2026-05-04 17:00:23.680357+00:00,12.0,TP,32.16388267703607,65,6.829729329037093
46,NZDUSD,SHORT,70.87,2026-03-27 11:00:21.798770+00:00,12.0,TP,5.599999999998939,70,12.0
49,EURGBP,SHORT,75.0,2026-03-30 04:00:20.479515+00:00,-13.699999999999823,SL,-9.000000000000119,70,-1.6999999999998234
50,EURUSD,LONG,80.0,2026-03-30 06:45:44.659272+00:00,-12.486827859110594,SL,-12.5,70,-14.186827859110418
51,NZDUSD,SHORT,80.0,2026-03-30 07:00:48.771808+00:00,12.0,TP,14.399999999999968,70,-2.1868278591104175
52,EURAUD,LONG,70.0,2026-03-30 11:00:49.921874+00:00,12.0,TP,9.5,70,9.813172140889582
53,USDCHF,SHORT,75.0,2026-03-30 13:00:26.472579+00:00,-12.599999999999278,SL,-12.6,70,-2.786827859109696
54,EURUSD,SHORT,75.0,2026-03-31 02:00:42.033075+00:00,12.0,TP,-14.40000000000108,70,9.213172140890304
56,EURAUD,LONG,85.0,2026-03-31 11:02:11.707133+00:00,-16.300000000000203,SL,-22.7,70,-7.086827859109899
57,EURGBP,SHORT,80.0,2026-03-31 11:08:31.922124+00:00,-8.412619361859441,SL,-8.00000000000023,70,-15.49944722096934
58,USDCHF,LONG,80.0,2026-03-31 12:01:22.097110+00:00,12.0,TP,32.49999999999975,70,-3.4994472209693406
60,USDCHF,SHORT,70.0,2026-03-31 19:38:46.410732+00:00,12.0,TP,-15.399999999999858,70,8.50055277903066
62,EURAUD,SHORT,70.0,2026-04-01 17:00:26.946138+00:00,-17.000000000000348,SL,-17.1,70,-8.499447220969689
63,EURAUD,LONG,75.0,2026-04-01 20:00:23.244413+00:00,12.0,TP,6.5,70,3.5005527790303113
65,EURUSD,SHORT,80.0,2026-04-02 03:57:06.766868+00:00,12.0,TP,-24.200000000000887,70,15.500552779030311
66,EURGBP,LONG,76.35,2026-04-02 03:57:07.266806+00:00,12.0,TP,-3.6000000000002697,70,27.50055277903031
68,USDCHF,LONG,77.4,2026-04-02 15:57:45.567286+00:00,-12.000000000000899,SL,-8.60000000000083,70,15.500552779029412
69,NZDUSD,SHORT,77.72,2026-04-03 00:00:35.858040+00:00,12.0,TP,7.669312624473346,70,27.500552779029412
70,EURGBP,SHORT,80.0,2026-04-03 02:00:45.566028+00:00,12.0,TP,-13.999999999999568,70,39.50055277902941
71,EURAUD,SHORT,85.0,2026-04-03 13:00:39.234689+00:00,12.0,TP,-5.100000000000104,70,51.50055277902941
72,EURAUD,LONG,85.0,2026-04-03 17:00:59.823409+00:00,12.0,TP,9.740051198854792,70,63.50055277902941
73,EURAUD,SHORT,90.0,2026-04-05 23:00:27.844590+00:00,12.0,TP,26.123113914405582,70,75.50055277902942
74,EURGBP,SHORT,75.0,2026-04-06 02:00:59.333085+00:00,12.0,TP,-6.599999999999939,70,87.50055277902942
75,EURUSD,LONG,80.0,2026-04-06 16:00:06.036099+00:00,-14.836591984914715,SL,-7.299999999998974,70,72.6639607941147
76,USDCHF,SHORT,80.0,2026-04-06 16:01:07.124467+00:00,12.0,TP,-9.20000000000032,70,84.6639607941147
77,EURAUD,SHORT,80.0,2026-04-07 00:29:26.227920+00:00,-32.60567633263545,SL,-32.70000000000106,70,52.05828446147925
78,NZDUSD,SHORT,85.0,2026-04-07 09:00:44.260584+00:00,12.0,TP,15.499999999999403,70,64.05828446147925
79,EURUSD,SHORT,85.0,2026-04-07 13:29:48.215761+00:00,-19.78858282437379,SL,-20.000000000000018,70,44.269701637105456
80,NZDUSD,LONG,70.0,2026-04-07 14:22:02.730532+00:00,12.0,TP,22.699999999999942,70,56.269701637105456
81,USDCHF,SHORT,80.0,2026-04-07 19:00:04.369635+00:00,12.0,TP,15.699999999999603,70,68.26970163710546
85,NZDUSD,LONG,70.0,2026-04-08 23:00:08.094077+00:00,12.0,TP,-1.100000000000545,70,80.26970163710546
86,EURUSD,LONG,70.0,2026-04-09 05:00:03.292219+00:00,-8.999999999999009,SL,-9.300000000000974,70,71.26970163710645
87,USDCHF,SHORT,80.0,2026-04-09 13:00:32.523500+00:00,12.0,TP,-7.399999999999629,70,83.26970163710645
89,NZDUSD,LONG,85.0,2026-04-10 02:00:58.659637+00:00,-15.183738373498734,SL,-9.100000000000774,70,68.08596326360771
91,EURGBP,LONG,75.0,2026-04-10 08:51:48.001246+00:00,-8.866864357001125,SL,3.1800000000001827,70,59.21909890660658
92,EURGBP,SHORT,90.0,2026-04-10 15:36:51.456834+00:00,-8.099999999999774,SL,-8.099999999999774,70,51.11909890660681
93,USDCHF,SHORT,79.85,2026-04-10 17:16:17.710045+00:00,-17.828218687760966,SL,-17.800000000000036,70,33.29088021884584
94,EURJPY,LONG,86.29,2026-04-13 00:39:36.434032+00:00,12.0,TP,10.29356601327038,70,45.29088021884584
95,EURUSD,LONG,84.17,2026-04-13 02:01:00.450274+00:00,12.0,TP,-3.4000000000000696,70,57.29088021884584
96,CHFJPY,SHORT,70.0,2026-04-13 03:00:15.514793+00:00,12.0,TP,-21.000000000000796,70,69.29088021884584
97,EURGBP,LONG,85.0,2026-04-13 06:46:11.868765+00:00,-10.39993987652199,SL,-9.799999999999809,70,58.89094034232385
99,USDCHF,SHORT,79.85,2026-04-13 11:15:23.715615+00:00,-17.599999999999838,SL,-17.599999999999838,70,41.290940342324014
100,NZDUSD,LONG,70.0,2026-04-13 14:00:44.730523+00:00,12.0,TP,29.94057417466922,70,53.290940342324014
103,NZDUSD,LONG,85.0,2026-04-14 23:45:56.404833+00:00,-9.936103163195042,SL,-9.936103163195042,70,43.35483717912897
104,CHFJPY,LONG,85.69,2026-04-15 01:41:33.683612+00:00,-30.810327897549428,SL,-20.09999999999934,70,12.544509281579543
106,EURJPY,LONG,90.0,2026-04-15 05:07:27.171492+00:00,12.0,TP,2.5200000000000955,70,24.544509281579543
107,USDCHF,SHORT,70.0,2026-04-15 08:12:17.411997+00:00,-11.200000000000099,SL,-11.2000000000001,70,13.344509281579445
109,EURUSD,LONG,100.0,2026-04-15 15:17:59.553839+00:00,12.0,TP,0.99999999999989,70,25.344509281579445
110,CHFJPY,SHORT,70.0,2026-04-15 17:00:53.282377+00:00,12.0,TP,20.057100903511017,70,37.34450928157945
111,USDCHF,SHORT,90.0,2026-04-16 02:00:59.143716+00:00,12.0,TP,10.7999999999997,70,49.34450928157945
112,EURJPY,LONG,74.57,2026-04-16 07:22:34.395502+00:00,12.0,TP,12.899999999999068,70,61.34450928157945
114,GBPJPY,LONG,85.0,2026-04-16 14:00:44.911201+00:00,-22.90000000000134,SL,-22.90000000000134,70,38.44450928157811
116,EURUSD,LONG,90.0,2026-04-17 06:48:27.501524+00:00,12.0,TP,20.199999999999108,70,50.44450928157811
121,EURAUD,LONG,70.0,2026-04-19 23:00:25.857185+00:00,12.0,TP,13.284912026049422,70,62.44450928157811
122,EURGBP,SHORT,70.0,2026-04-20 08:00:51.107737+00:00,-8.699999999999264,SL,-2.2999999999995246,70,53.74450928157884
125,USDCHF,SHORT,82.93,2026-04-20 14:00:50.968099+00:00,-12.15537803887723,SL,-12.15537803887723,70,41.58913124270161
126,GBPJPY,SHORT,80.0,2026-04-20 14:01:30.342782+00:00,-25.100000000000477,SL,-25.100000000000477,70,16.489131242701134
130,EURGBP,LONG,85.0,2026-04-21 09:00:09.740344+00:00,-11.392241804146774,SL,-8.500000000000174,70,5.09688943855436
131,EURAUD,SHORT,85.0,2026-04-21 17:00:05.141805+00:00,12.0,TP,6.360000000001698,70,17.09688943855436
133,EURJPY,SHORT,77.5,2026-04-21 20:00:21.432498+00:00,12.0,TP,-24.72620478274621,70,29.09688943855436
136,NZDUSD,LONG,90.0,2026-04-22 12:00:42.769808+00:00,12.0,TP,2.9999999999996696,70,41.096889438554356
137,EURUSD,SHORT,70.0,2026-04-22 14:00:28.291031+00:00,12.0,TP,24.29999999999932,70,53.096889438554356
139,EURAUD,SHORT,73.33,2026-04-23 15:00:07.371980+00:00,-31.200000000000117,SL,-31.69999999999895,70,21.89688943855424
141,EURJPY,LONG,75.0,2026-04-23 23:00:51.486677+00:00,-17.826422918963658,SL,-17.900000000000205,70,4.070466519590582
142,EURUSD,SHORT,80.0,2026-04-24 10:18:24.807082+00:00,-16.20000000000177,SL,-18.000000000000238,70,-12.129533480411187
143,CHFJPY,SHORT,75.0,2026-04-24 10:18:25.642809+00:00,12.0,TP,26.987265131135132,70,-0.12953348041118673
144,EURGBP,SHORT,75.0,2026-04-24 11:01:03.765646+00:00,12.0,TP,-9.60000000000072,70,11.870466519588813
145,USDCHF,SHORT,80.0,2026-04-24 12:00:44.441700+00:00,-13.500000000000734,SL,-13.500000000000734,70,-1.6295334804119204
146,GBPJPY,LONG,70.0,2026-04-24 13:00:59.925285+00:00,12.0,TP,27.282933452555085,70,10.37046651958808
147,EURAUD,SHORT,80.0,2026-04-24 15:00:15.504087+00:00,12.0,TP,13.619999999998631,70,22.370466519588078
149,EURAUD,SHORT,80.0,2026-04-27 00:00:21.984081+00:00,12.0,TP,19.800000000000928,70,34.37046651958808
150,USDCHF,LONG,90.0,2026-04-27 17:00:35.877563+00:00,-13.299999999999423,SL,12.720000000000065,70,21.070466519588656
151,EURGBP,SHORT,80.0,2026-04-27 19:00:03.782985+00:00,12.0,TP,5.760000000000431,70,33.070466519588656
152,EURAUD,SHORT,81.76,2026-04-28 08:39:47.703905+00:00,-26.699999999999502,SL,-23.699999999999832,70,6.370466519589154
157,EURJPY,SHORT,75.0,2026-04-28 14:00:31.882415+00:00,-38.2000000000005,SL,28.439999999999372,70,-31.829533480411346
160,EURJPY,LONG,85.0,2026-04-29 09:00:15.711659+00:00,12.0,TP,3.000000000000682,70,-19.829533480411346
163,EURUSD,SHORT,85.0,2026-04-30 13:30:21.947935+00:00,-20.599999999999508,SL,0.0,70,-40.42953348041085
164,EURJPY,SHORT,70.0,2026-05-03 23:01:12.786913+00:00,12.0,TP,10.113005135116282,70,-28.429533480410853
165,EURJPY,LONG,70.0,2026-05-04 06:00:35.629275+00:00,12.0,TP,-1.500000000001478,70,-16.429533480410853
166,EURAUD,SHORT,73.28,2026-05-04 17:00:23.680357+00:00,12.0,TP,32.16388267703607,70,-4.4295334804108535
49,EURGBP,SHORT,75.0,2026-03-30 04:00:20.479515+00:00,-13.699999999999823,SL,-9.000000000000119,75,-13.699999999999823
50,EURUSD,LONG,80.0,2026-03-30 06:45:44.659272+00:00,-12.486827859110594,SL,-12.5,75,-26.186827859110416
51,NZDUSD,SHORT,80.0,2026-03-30 07:00:48.771808+00:00,12.0,TP,14.399999999999968,75,-14.186827859110416
53,USDCHF,SHORT,75.0,2026-03-30 13:00:26.472579+00:00,-12.599999999999278,SL,-12.6,75,-26.786827859109692
54,EURUSD,SHORT,75.0,2026-03-31 02:00:42.033075+00:00,12.0,TP,-14.40000000000108,75,-14.786827859109692
56,EURAUD,LONG,85.0,2026-03-31 11:02:11.707133+00:00,-16.300000000000203,SL,-22.7,75,-31.086827859109896
57,EURGBP,SHORT,80.0,2026-03-31 11:08:31.922124+00:00,-8.412619361859441,SL,-8.00000000000023,75,-39.49944722096934
58,USDCHF,LONG,80.0,2026-03-31 12:01:22.097110+00:00,12.0,TP,32.49999999999975,75,-27.499447220969337
63,EURAUD,LONG,75.0,2026-04-01 20:00:23.244413+00:00,12.0,TP,6.5,75,-15.499447220969337
65,EURUSD,SHORT,80.0,2026-04-02 03:57:06.766868+00:00,12.0,TP,-24.200000000000887,75,-3.499447220969337
66,EURGBP,LONG,76.35,2026-04-02 03:57:07.266806+00:00,12.0,TP,-3.6000000000002697,75,8.500552779030663
68,USDCHF,LONG,77.4,2026-04-02 15:57:45.567286+00:00,-12.000000000000899,SL,-8.60000000000083,75,-3.499447220970236
69,NZDUSD,SHORT,77.72,2026-04-03 00:00:35.858040+00:00,12.0,TP,7.669312624473346,75,8.500552779029764
70,EURGBP,SHORT,80.0,2026-04-03 02:00:45.566028+00:00,12.0,TP,-13.999999999999568,75,20.500552779029764
71,EURAUD,SHORT,85.0,2026-04-03 13:00:39.234689+00:00,12.0,TP,-5.100000000000104,75,32.50055277902976
72,EURAUD,LONG,85.0,2026-04-03 17:00:59.823409+00:00,12.0,TP,9.740051198854792,75,44.50055277902976
73,EURAUD,SHORT,90.0,2026-04-05 23:00:27.844590+00:00,12.0,TP,26.123113914405582,75,56.50055277902976
74,EURGBP,SHORT,75.0,2026-04-06 02:00:59.333085+00:00,12.0,TP,-6.599999999999939,75,68.50055277902976
75,EURUSD,LONG,80.0,2026-04-06 16:00:06.036099+00:00,-14.836591984914715,SL,-7.299999999998974,75,53.66396079411504
76,USDCHF,SHORT,80.0,2026-04-06 16:01:07.124467+00:00,12.0,TP,-9.20000000000032,75,65.66396079411504
77,EURAUD,SHORT,80.0,2026-04-07 00:29:26.227920+00:00,-32.60567633263545,SL,-32.70000000000106,75,33.058284461479595
78,NZDUSD,SHORT,85.0,2026-04-07 09:00:44.260584+00:00,12.0,TP,15.499999999999403,75,45.058284461479595
79,EURUSD,SHORT,85.0,2026-04-07 13:29:48.215761+00:00,-19.78858282437379,SL,-20.000000000000018,75,25.269701637105804
81,USDCHF,SHORT,80.0,2026-04-07 19:00:04.369635+00:00,12.0,TP,15.699999999999603,75,37.269701637105804
87,USDCHF,SHORT,80.0,2026-04-09 13:00:32.523500+00:00,12.0,TP,-7.399999999999629,75,49.269701637105804
89,NZDUSD,LONG,85.0,2026-04-10 02:00:58.659637+00:00,-15.183738373498734,SL,-9.100000000000774,75,34.08596326360707
91,EURGBP,LONG,75.0,2026-04-10 08:51:48.001246+00:00,-8.866864357001125,SL,3.1800000000001827,75,25.219098906605943
92,EURGBP,SHORT,90.0,2026-04-10 15:36:51.456834+00:00,-8.099999999999774,SL,-8.099999999999774,75,17.11909890660617
93,USDCHF,SHORT,79.85,2026-04-10 17:16:17.710045+00:00,-17.828218687760966,SL,-17.800000000000036,75,-0.7091197811547971
94,EURJPY,LONG,86.29,2026-04-13 00:39:36.434032+00:00,12.0,TP,10.29356601327038,75,11.290880218845203
95,EURUSD,LONG,84.17,2026-04-13 02:01:00.450274+00:00,12.0,TP,-3.4000000000000696,75,23.290880218845203
97,EURGBP,LONG,85.0,2026-04-13 06:46:11.868765+00:00,-10.39993987652199,SL,-9.799999999999809,75,12.890940342323212
99,USDCHF,SHORT,79.85,2026-04-13 11:15:23.715615+00:00,-17.599999999999838,SL,-17.599999999999838,75,-4.709059657676626
103,NZDUSD,LONG,85.0,2026-04-14 23:45:56.404833+00:00,-9.936103163195042,SL,-9.936103163195042,75,-14.645162820871668
104,CHFJPY,LONG,85.69,2026-04-15 01:41:33.683612+00:00,-30.810327897549428,SL,-20.09999999999934,75,-45.455490718421096
106,EURJPY,LONG,90.0,2026-04-15 05:07:27.171492+00:00,12.0,TP,2.5200000000000955,75,-33.455490718421096
109,EURUSD,LONG,100.0,2026-04-15 15:17:59.553839+00:00,12.0,TP,0.99999999999989,75,-21.455490718421096
111,USDCHF,SHORT,90.0,2026-04-16 02:00:59.143716+00:00,12.0,TP,10.7999999999997,75,-9.455490718421096
114,GBPJPY,LONG,85.0,2026-04-16 14:00:44.911201+00:00,-22.90000000000134,SL,-22.90000000000134,75,-32.35549071842244
116,EURUSD,LONG,90.0,2026-04-17 06:48:27.501524+00:00,12.0,TP,20.199999999999108,75,-20.355490718422438
125,USDCHF,SHORT,82.93,2026-04-20 14:00:50.968099+00:00,-12.15537803887723,SL,-12.15537803887723,75,-32.51086875729967
126,GBPJPY,SHORT,80.0,2026-04-20 14:01:30.342782+00:00,-25.100000000000477,SL,-25.100000000000477,75,-57.610868757300146
130,EURGBP,LONG,85.0,2026-04-21 09:00:09.740344+00:00,-11.392241804146774,SL,-8.500000000000174,75,-69.00311056144692
131,EURAUD,SHORT,85.0,2026-04-21 17:00:05.141805+00:00,12.0,TP,6.360000000001698,75,-57.00311056144692
133,EURJPY,SHORT,77.5,2026-04-21 20:00:21.432498+00:00,12.0,TP,-24.72620478274621,75,-45.00311056144692
136,NZDUSD,LONG,90.0,2026-04-22 12:00:42.769808+00:00,12.0,TP,2.9999999999996696,75,-33.00311056144692
141,EURJPY,LONG,75.0,2026-04-23 23:00:51.486677+00:00,-17.826422918963658,SL,-17.900000000000205,75,-50.829533480410575
142,EURUSD,SHORT,80.0,2026-04-24 10:18:24.807082+00:00,-16.20000000000177,SL,-18.000000000000238,75,-67.02953348041234
143,CHFJPY,SHORT,75.0,2026-04-24 10:18:25.642809+00:00,12.0,TP,26.987265131135132,75,-55.02953348041234
144,EURGBP,SHORT,75.0,2026-04-24 11:01:03.765646+00:00,12.0,TP,-9.60000000000072,75,-43.02953348041234
145,USDCHF,SHORT,80.0,2026-04-24 12:00:44.441700+00:00,-13.500000000000734,SL,-13.500000000000734,75,-56.52953348041307
147,EURAUD,SHORT,80.0,2026-04-24 15:00:15.504087+00:00,12.0,TP,13.619999999998631,75,-44.52953348041307
149,EURAUD,SHORT,80.0,2026-04-27 00:00:21.984081+00:00,12.0,TP,19.800000000000928,75,-32.52953348041307
150,USDCHF,LONG,90.0,2026-04-27 17:00:35.877563+00:00,-13.299999999999423,SL,12.720000000000065,75,-45.82953348041249
151,EURGBP,SHORT,80.0,2026-04-27 19:00:03.782985+00:00,12.0,TP,5.760000000000431,75,-33.82953348041249
152,EURAUD,SHORT,81.76,2026-04-28 08:39:47.703905+00:00,-26.699999999999502,SL,-23.699999999999832,75,-60.529533480412
157,EURJPY,SHORT,75.0,2026-04-28 14:00:31.882415+00:00,-38.2000000000005,SL,28.439999999999372,75,-98.7295334804125
160,EURJPY,LONG,85.0,2026-04-29 09:00:15.711659+00:00,12.0,TP,3.000000000000682,75,-86.7295334804125
163,EURUSD,SHORT,85.0,2026-04-30 13:30:21.947935+00:00,-20.599999999999508,SL,0.0,75,-107.32953348041201
50,EURUSD,LONG,80.0,2026-03-30 06:45:44.659272+00:00,-12.486827859110594,SL,-12.5,80,-12.486827859110594
51,NZDUSD,SHORT,80.0,2026-03-30 07:00:48.771808+00:00,12.0,TP,14.399999999999968,80,-0.4868278591105941
56,EURAUD,LONG,85.0,2026-03-31 11:02:11.707133+00:00,-16.300000000000203,SL,-22.7,80,-16.786827859110797
57,EURGBP,SHORT,80.0,2026-03-31 11:08:31.922124+00:00,-8.412619361859441,SL,-8.00000000000023,80,-25.19944722097024
58,USDCHF,LONG,80.0,2026-03-31 12:01:22.097110+00:00,12.0,TP,32.49999999999975,80,-13.199447220970239
65,EURUSD,SHORT,80.0,2026-04-02 03:57:06.766868+00:00,12.0,TP,-24.200000000000887,80,-1.1994472209702387
70,EURGBP,SHORT,80.0,2026-04-03 02:00:45.566028+00:00,12.0,TP,-13.999999999999568,80,10.800552779029761
71,EURAUD,SHORT,85.0,2026-04-03 13:00:39.234689+00:00,12.0,TP,-5.100000000000104,80,22.80055277902976
72,EURAUD,LONG,85.0,2026-04-03 17:00:59.823409+00:00,12.0,TP,9.740051198854792,80,34.80055277902976
73,EURAUD,SHORT,90.0,2026-04-05 23:00:27.844590+00:00,12.0,TP,26.123113914405582,80,46.80055277902976
75,EURUSD,LONG,80.0,2026-04-06 16:00:06.036099+00:00,-14.836591984914715,SL,-7.299999999998974,80,31.963960794115042
76,USDCHF,SHORT,80.0,2026-04-06 16:01:07.124467+00:00,12.0,TP,-9.20000000000032,80,43.96396079411504
77,EURAUD,SHORT,80.0,2026-04-07 00:29:26.227920+00:00,-32.60567633263545,SL,-32.70000000000106,80,11.358284461479592
78,NZDUSD,SHORT,85.0,2026-04-07 09:00:44.260584+00:00,12.0,TP,15.499999999999403,80,23.35828446147959
79,EURUSD,SHORT,85.0,2026-04-07 13:29:48.215761+00:00,-19.78858282437379,SL,-20.000000000000018,80,3.5697016371058012
81,USDCHF,SHORT,80.0,2026-04-07 19:00:04.369635+00:00,12.0,TP,15.699999999999603,80,15.569701637105801
87,USDCHF,SHORT,80.0,2026-04-09 13:00:32.523500+00:00,12.0,TP,-7.399999999999629,80,27.5697016371058
89,NZDUSD,LONG,85.0,2026-04-10 02:00:58.659637+00:00,-15.183738373498734,SL,-9.100000000000774,80,12.385963263607067
92,EURGBP,SHORT,90.0,2026-04-10 15:36:51.456834+00:00,-8.099999999999774,SL,-8.099999999999774,80,4.285963263607293
94,EURJPY,LONG,86.29,2026-04-13 00:39:36.434032+00:00,12.0,TP,10.29356601327038,80,16.285963263607293
95,EURUSD,LONG,84.17,2026-04-13 02:01:00.450274+00:00,12.0,TP,-3.4000000000000696,80,28.285963263607293
97,EURGBP,LONG,85.0,2026-04-13 06:46:11.868765+00:00,-10.39993987652199,SL,-9.799999999999809,80,17.886023387085302
103,NZDUSD,LONG,85.0,2026-04-14 23:45:56.404833+00:00,-9.936103163195042,SL,-9.936103163195042,80,7.94992022389026
104,CHFJPY,LONG,85.69,2026-04-15 01:41:33.683612+00:00,-30.810327897549428,SL,-20.09999999999934,80,-22.860407673659168
106,EURJPY,LONG,90.0,2026-04-15 05:07:27.171492+00:00,12.0,TP,2.5200000000000955,80,-10.860407673659168
109,EURUSD,LONG,100.0,2026-04-15 15:17:59.553839+00:00,12.0,TP,0.99999999999989,80,1.139592326340832
111,USDCHF,SHORT,90.0,2026-04-16 02:00:59.143716+00:00,12.0,TP,10.7999999999997,80,13.139592326340832
114,GBPJPY,LONG,85.0,2026-04-16 14:00:44.911201+00:00,-22.90000000000134,SL,-22.90000000000134,80,-9.76040767366051
116,EURUSD,LONG,90.0,2026-04-17 06:48:27.501524+00:00,12.0,TP,20.199999999999108,80,2.2395923263394906
125,USDCHF,SHORT,82.93,2026-04-20 14:00:50.968099+00:00,-12.15537803887723,SL,-12.15537803887723,80,-9.915785712537739
126,GBPJPY,SHORT,80.0,2026-04-20 14:01:30.342782+00:00,-25.100000000000477,SL,-25.100000000000477,80,-35.01578571253822
130,EURGBP,LONG,85.0,2026-04-21 09:00:09.740344+00:00,-11.392241804146774,SL,-8.500000000000174,80,-46.408027516684996
131,EURAUD,SHORT,85.0,2026-04-21 17:00:05.141805+00:00,12.0,TP,6.360000000001698,80,-34.408027516684996
136,NZDUSD,LONG,90.0,2026-04-22 12:00:42.769808+00:00,12.0,TP,2.9999999999996696,80,-22.408027516684996
142,EURUSD,SHORT,80.0,2026-04-24 10:18:24.807082+00:00,-16.20000000000177,SL,-18.000000000000238,80,-38.60802751668676
145,USDCHF,SHORT,80.0,2026-04-24 12:00:44.441700+00:00,-13.500000000000734,SL,-13.500000000000734,80,-52.10802751668749
147,EURAUD,SHORT,80.0,2026-04-24 15:00:15.504087+00:00,12.0,TP,13.619999999998631,80,-40.10802751668749
149,EURAUD,SHORT,80.0,2026-04-27 00:00:21.984081+00:00,12.0,TP,19.800000000000928,80,-28.108027516687493
150,USDCHF,LONG,90.0,2026-04-27 17:00:35.877563+00:00,-13.299999999999423,SL,12.720000000000065,80,-41.408027516686914
151,EURGBP,SHORT,80.0,2026-04-27 19:00:03.782985+00:00,12.0,TP,5.760000000000431,80,-29.408027516686914
152,EURAUD,SHORT,81.76,2026-04-28 08:39:47.703905+00:00,-26.699999999999502,SL,-23.699999999999832,80,-56.10802751668642
160,EURJPY,LONG,85.0,2026-04-29 09:00:15.711659+00:00,12.0,TP,3.000000000000682,80,-44.10802751668642
163,EURUSD,SHORT,85.0,2026-04-30 13:30:21.947935+00:00,-20.599999999999508,SL,0.0,80,-64.70802751668593
56,EURAUD,LONG,85.0,2026-03-31 11:02:11.707133+00:00,-16.300000000000203,SL,-22.7,85,-16.300000000000203
71,EURAUD,SHORT,85.0,2026-04-03 13:00:39.234689+00:00,12.0,TP,-5.100000000000104,85,-4.300000000000203
72,EURAUD,LONG,85.0,2026-04-03 17:00:59.823409+00:00,12.0,TP,9.740051198854792,85,7.699999999999797
73,EURAUD,SHORT,90.0,2026-04-05 23:00:27.844590+00:00,12.0,TP,26.123113914405582,85,19.699999999999797
78,NZDUSD,SHORT,85.0,2026-04-07 09:00:44.260584+00:00,12.0,TP,15.499999999999403,85,31.699999999999797
79,EURUSD,SHORT,85.0,2026-04-07 13:29:48.215761+00:00,-19.78858282437379,SL,-20.000000000000018,85,11.911417175626006
89,NZDUSD,LONG,85.0,2026-04-10 02:00:58.659637+00:00,-15.183738373498734,SL,-9.100000000000774,85,-3.272321197872728
92,EURGBP,SHORT,90.0,2026-04-10 15:36:51.456834+00:00,-8.099999999999774,SL,-8.099999999999774,85,-11.372321197872502
94,EURJPY,LONG,86.29,2026-04-13 00:39:36.434032+00:00,12.0,TP,10.29356601327038,85,0.6276788021274982
97,EURGBP,LONG,85.0,2026-04-13 06:46:11.868765+00:00,-10.39993987652199,SL,-9.799999999999809,85,-9.772261074394493
103,NZDUSD,LONG,85.0,2026-04-14 23:45:56.404833+00:00,-9.936103163195042,SL,-9.936103163195042,85,-19.708364237589535
104,CHFJPY,LONG,85.69,2026-04-15 01:41:33.683612+00:00,-30.810327897549428,SL,-20.09999999999934,85,-50.51869213513896
106,EURJPY,LONG,90.0,2026-04-15 05:07:27.171492+00:00,12.0,TP,2.5200000000000955,85,-38.51869213513896
109,EURUSD,LONG,100.0,2026-04-15 15:17:59.553839+00:00,12.0,TP,0.99999999999989,85,-26.518692135138963
111,USDCHF,SHORT,90.0,2026-04-16 02:00:59.143716+00:00,12.0,TP,10.7999999999997,85,-14.518692135138963
114,GBPJPY,LONG,85.0,2026-04-16 14:00:44.911201+00:00,-22.90000000000134,SL,-22.90000000000134,85,-37.418692135140304
116,EURUSD,LONG,90.0,2026-04-17 06:48:27.501524+00:00,12.0,TP,20.199999999999108,85,-25.418692135140304
130,EURGBP,LONG,85.0,2026-04-21 09:00:09.740344+00:00,-11.392241804146774,SL,-8.500000000000174,85,-36.81093393928708
131,EURAUD,SHORT,85.0,2026-04-21 17:00:05.141805+00:00,12.0,TP,6.360000000001698,85,-24.810933939287082
136,NZDUSD,LONG,90.0,2026-04-22 12:00:42.769808+00:00,12.0,TP,2.9999999999996696,85,-12.810933939287082
150,USDCHF,LONG,90.0,2026-04-27 17:00:35.877563+00:00,-13.299999999999423,SL,12.720000000000065,85,-26.110933939286504
160,EURJPY,LONG,85.0,2026-04-29 09:00:15.711659+00:00,12.0,TP,3.000000000000682,85,-14.110933939286504
163,EURUSD,SHORT,85.0,2026-04-30 13:30:21.947935+00:00,-20.599999999999508,SL,0.0,85,-34.71093393928601
73,EURAUD,SHORT,90.0,2026-04-05 23:00:27.844590+00:00,12.0,TP,26.123113914405582,90,12.0
92,EURGBP,SHORT,90.0,2026-04-10 15:36:51.456834+00:00,-8.099999999999774,SL,-8.099999999999774,90,3.900000000000226
106,EURJPY,LONG,90.0,2026-04-15 05:07:27.171492+00:00,12.0,TP,2.5200000000000955,90,15.900000000000226
109,EURUSD,LONG,100.0,2026-04-15 15:17:59.553839+00:00,12.0,TP,0.99999999999989,90,27.900000000000226
111,USDCHF,SHORT,90.0,2026-04-16 02:00:59.143716+00:00,12.0,TP,10.7999999999997,90,39.900000000000226
116,EURUSD,LONG,90.0,2026-04-17 06:48:27.501524+00:00,12.0,TP,20.199999999999108,90,51.900000000000226
136,NZDUSD,LONG,90.0,2026-04-22 12:00:42.769808+00:00,12.0,TP,2.9999999999996696,90,63.900000000000226
150,USDCHF,LONG,90.0,2026-04-27 17:00:35.877563+00:00,-13.299999999999423,SL,12.720000000000065,90,50.600000000000804
