id,symbol,direction,entry_price,target_1,target_2,stop_loss,close_price,pnl,pnl_pips,close_reason,partial_closed,partial_close_price,partial_close_at,opened_at,closed_at,lot_size,intended_entry,intended_sl,slippage,mt5_ticket,mt5_ticket_partial,pnl_estimated,pattern_id,pattern_metadata
44,EURAUD,LONG,1.67052,1.6739899999999999,1.6763949999999999,1.66855,1.6698,-1.99,-7.200000000000539,INVALIDATION,0,,,2026-03-27 09:00:13.357386,2026-03-27 11:00:28.764446,0.04,1.67041,1.6687371937768452,0.0001100000000000545,1560307369,,0,121,
45,NZDUSD,LONG,0.57737,0.57934,0.5805100000000001,0.5764599271266893,0.57646,-5.46,-9.100000000000774,STOP_LOSS,0,,,2026-03-27 10:06:11.991731,,0.06,0.57715,0.5765599271266892,0.00021999999999999797,1560401620,,0,123,
46,NZDUSD,SHORT,0.57649,0.57624,0.57429,0.5784266394558161,0.57593,0.56,5.599999999998939,TRAILING_STOP,1,0.57621,2026-03-27 11:58:33.562967,2026-03-27 11:00:21.798770,,0.02,0.5766,0.578316639455816,0.0001100000000000545,1560500828,,0,127,
47,USDCHF,SHORT,0.79606,0.79484,0.79435,0.7975340737190553,0.79751,-3.64,-14.500000000000624,STOP_LOSS,0,,,2026-03-27 14:00:07.147714,2026-03-27 15:16:21.464437,0.02,0.7975,0.7974240737190552,0.0014399999999999968,1560909685,,0,141,
48,EURUSD,SHORT,1.15268,1.1525400000000001,1.1484900000000002,1.15642,1.15246,0.22,2.1999999999988695,TRAILING_STOP,1,1.15247,2026-03-27 15:56:22.305140,2026-03-27 15:08:27.141184,,0.01,1.15293,1.1563035548010965,0.0002500000000000835,1561137375,,0,142,
49,EURGBP,SHORT,0.8676,0.86551,0.863865,0.86897,0.8685,-3.57,-9.000000000000119,INVALIDATION,0,,,2026-03-30 04:00:20.479515,2026-03-30 08:20:53.322879,0.03,0.86829,0.8688315957749105,0.0006899999999999684,1563068635,,0,170,
50,EURUSD,LONG,1.15204,1.15461,1.1564399999999997,1.150791317214089,1.15079,-5.0,-12.5,STOP_LOSS,0,,,2026-03-30 06:45:44.659272,2026-03-30 10:01:45.000000,0.04,1.15191,1.1508813172140888,0.00012999999999996348,1563314296,,0,172,
51,NZDUSD,SHORT,0.57372,0.57234,0.5704299999999999,0.5753466624262119,0.57228,2.88,14.399999999999968,TAKE_PROFIT,1,0.57225,2026-03-30 08:21:23.786504,2026-03-30 07:00:48.771808,2026-03-30 11:26:53.991219,0.03,0.574,0.5752266624262119,0.00027999999999994696,1563346917,,0,177,
52,EURAUD,LONG,1.67563,1.67667,1.681305,1.670373792385091,1.67658,0.65,9.5,TAKE_PROFIT,1,1.67658,2026-03-30 14:05:50.570597,2026-03-30 11:00:49.921874,2026-03-30 17:05:50.000000,0.01,1.6740599999999999,1.670523792385091,0.0015700000000000713,1563776767,,0,184,
53,USDCHF,SHORT,0.79954,0.79792,0.7965,0.8008,0.8008,-4.72,-12.6,STOP_LOSS,0,,,2026-03-30 13:00:26.472579,2026-03-30 17:15:38.000000,0.03,0.79986,0.8006985484606172,0.00031999999999998696,1564085221,,0,187,
54,EURUSD,SHORT,1.14744,1.14431,1.14088,1.1495791921727883,1.1488800000000001,-2.9,-14.400000000001079,INVALIDATION,0,,,2026-03-31 02:00:42.033075,2026-03-31 11:45:45.534121,0.02,1.1476,1.1494791921727883,0.00015999999999993797,1565648694,,0,188,
55,NZDUSD,LONG,0.5727,0.57493,0.5762100000000001,0.57159,0.57155,-4.6,-11.5,STOP_LOSS,0,,,2026-03-31 02:00:42.849806,2026-03-31 06:40:29.000000,0.04,0.57207,0.5716775438474844,0.0006300000000000194,1565648855,,0,189,
56,EURAUD,LONG,1.67266,1.67633,1.67835,1.67103,1.67039,-146.46,-22.7,STOP_LOSS,0,,,2026-03-31 11:02:11.707133,2026-03-31 14:11:17.000000,0.94,1.67256,1.6712387962794317,9.999999999998899e-05,1566592843,,0,200,
57,EURGBP,SHORT,0.86824,0.86757,0.867185,0.869081261936186,0.86904,-99.57,-8.00000000000023,STOP_LOSS,0,,,2026-03-31 11:08:31.922124,2026-04-01 16:57:38.908177,0.94,0.86876,0.8689712619361859,0.0005199999999999649,1566602909,,0,201,
58,USDCHF,LONG,0.79962,0.80129,0.802745,0.7985563634105141,0.80287,125.87,32.49999999999975,TARGET_2,1,0.8017,2026-03-31 14:53:27.440512,2026-03-31 12:01:22.097110,2026-03-31 14:57:14.430454,0.78,0.79952,0.7986663634105141,9.999999999998899e-05,1566776901,,0,202,
59,EURAUD,SHORT,1.67283,1.67097,1.66715,1.67687,1.67691,-103.75,-40.79999999999861,STOP_LOSS,0,,,2026-03-31 13:00:54.082182,2026-04-01 16:57:39.998398,0.37,1.67387,1.6766844281330675,0.0010399999999999299,1566939021,,0,204,
60,USDCHF,SHORT,0.79984,0.79851,0.797355,0.8007893161381496,0.80138,-167.19,-15.399999999999858,STOP_LOSS,0,,,2026-03-31 19:38:46.410732,2026-04-01 16:57:41.056924,0.87,0.79992,0.8006993161381496,7.999999999996898e-05,1567987400,,0,208,
61,NZDUSD,LONG,0.57643,0.57775,0.578885,0.57524,0.57591,-41.65,-5.199999999999649,INVALIDATION,0,,,2026-04-01 13:13:43.697634,2026-04-01 17:58:01.959052,0.85,0.5762,0.5753252860919165,0.00022999999999995246,1569269221,,0,224,
62,EURAUD,SHORT,1.67244,1.66738,1.6648550000000002,1.67414,1.67415,-102.98,-17.1,STOP_LOSS,0,,,2026-04-01 17:00:26.946138,2026-04-01 18:18:04.209735,0.87,1.67267,1.673996662372338,0.0002300000000001745,1569770463,,0,236,
63,EURAUD,LONG,1.6733799999999999,1.67455,1.6778349999999997,1.6695152420828292,1.67331,16.62,6.5,TRAILING_STOP,1,1.67452,2026-04-02 01:05:37.086436,2026-04-01 20:00:23.244413,2026-04-02 01:11:09.957025,0.37,1.67257,1.6696852420828292,0.0008099999999999774,1570083933,,0,245,
64,NZDUSD,SHORT,0.57517,0.57381,0.5733100000000002,0.57675,0.57596,-51.03,-7.900000000000684,INVALIDATION,0,,,2026-04-01 23:00:49.854960,2026-04-02 01:11:12.876644,0.63,0.57652,0.5766329281937977,0.0013500000000000734,1570236580,,0,249,
65,EURUSD,SHORT,1.1538,1.15006,1.145105,1.15698,1.15622,-73.47,-24.200000000000887,INVALIDATION,0,,,2026-04-02 03:57:06.766868,2026-04-06 07:50:16.717385,0.31,1.15397,1.1569121587363842,0.00017000000000000348,1570806868,,0,234,
66,EURGBP,LONG,0.87215,0.87337,0.8743749999999999,0.8712309475345098,0.87179,-39.07,-3.6000000000002697,INVALIDATION,0,,,2026-04-02 03:57:07.266806,2026-04-03 00:58:47.376814,0.82,0.87202,0.8713809475345098,0.00012999999999996348,1570806973,,0,238,
67,USDCHF,SHORT,0.79895,0.7983,0.79595,0.80125,0.79895,16.31,3.7,TRAILING_STOP,1,0.79833,2026-04-02 14:36:36.652238,2026-04-02 13:01:18.334889,2026-04-02 14:39:09.308473,0.35,0.79895,0.8010324115471475,0.0,1571845141,,0,261,
68,USDCHF,LONG,0.79873,0.8003,0.80165,0.79753,0.79787,-71.14,-8.60000000000083,INVALIDATION,0,,,2026-04-02 15:57:45.567286,2026-04-02 21:01:15.420486,0.66,0.79865,0.7975990650313215,8.000000000008001e-05,1572330192,,0,272,
69,NZDUSD,SHORT,0.57167,0.57068,0.56822,0.57441,0.5712376718438817,27.60952544810404,7.669312624473346,TRAILING_STOP,1,0.57068,2026-04-03 05:18:19.627299,2026-04-03 00:00:35.858040,2026-04-03 07:23:55.137713,0.36,0.5726,0.5742208327234255,0.0009299999999999864,1572815242,,0,294,
70,EURGBP,SHORT,0.87204,0.87161,0.8696000000000002,0.8738650415623296,0.87344,-76.79,-13.999999999999568,INVALIDATION,0,,,2026-04-03 02:00:45.566028,2026-04-03 20:30:31.565979,0.41,0.87221,0.8737150415623296,0.00017000000000000348,1572854566,,0,300,
71,EURAUD,SHORT,1.67095,1.66959,1.6683999999999997,1.6723978991044555,1.67146,-34.8,-5.1000000000001044,INVALIDATION,0,,,2026-04-03 13:00:39.234689,2026-04-03 15:00:58.627331,0.99,1.67119,1.6722578991044554,0.00024000000000001798,1573146057,,0,318,
72,EURAUD,LONG,1.67136,1.67273,1.6768300000000003,1.6680121008955444,1.6716350127997135,41.882220155075615,9.740051198854793,TRAILING_STOP,1,1.6728,2026-04-05 22:10:19.461033,2026-04-03 17:00:59.823409,2026-04-05 22:34:53.315429,0.43,1.67119,1.6681621008955445,0.00017000000000000348,1573240145,,0,322,
73,EURAUD,SHORT,1.67137,1.6689699999999998,1.6659299999999997,1.6738,1.6685442215213986,154.12637209499292,26.123113914405582,TRAILING_STOP,1,1.6689,2026-04-06 01:29:59.303898,2026-04-05 23:00:27.844590,2026-04-06 03:00:13.413577,0.59,1.67157,1.6735940103173372,0.00019999999999997797,1573947237,,0,331,
74,EURGBP,SHORT,0.87213,0.8714,0.8707499999999999,0.87318,0.87279,-62.86,-6.599999999999939,INVALIDATION,0,,,2026-04-06 02:00:59.333085,2026-04-06 07:38:45.836748,0.72,0.87282,0.8730539520509508,0.0006900000000000794,1574243765,,0,338,
75,EURUSD,LONG,1.15448,1.15546,1.1569699999999998,1.1529963408015085,1.15375,-47.52,-7.299999999998974,INVALIDATION,0,,,2026-04-06 16:00:06.036099,2026-04-07 00:37:24.974837,0.66,1.15442,1.1530863408015084,5.999999999994898e-05,1575712551,,0,345,
76,USDCHF,SHORT,0.79782,0.79707,0.7955,0.7993327045384265,0.79874,-59.89,-9.200000000000319,INVALIDATION,0,,,2026-04-06 16:01:07.124467,2026-04-06 21:01:44.441223,0.52,0.7979,0.7992427045384265,8.000000000008001e-05,1575715243,,0,347,
77,EURAUD,SHORT,1.6675,1.6669,1.6634000000000002,1.6707605676332635,1.67077,-97.04,-32.70000000000106,STOP_LOSS,0,,,2026-04-07 00:29:26.227920,2026-04-07 01:39:57.405267,0.43,1.6676600000000001,1.6706005676332636,0.00016000000000016001,1576264449,,0,353,
78,NZDUSD,SHORT,0.5719,0.5714,0.570535,0.5730521020381764,0.57035,51.81,15.499999999999403,TARGET_2,1,0.57141,2026-04-07 09:45:59.419484,2026-04-07 09:00:44.260584,2026-04-07 10:25:36.057683,0.83,0.57211,0.5729421020381763,0.00021000000000004349,1577159144,,0,369,
79,EURUSD,SHORT,1.1559,1.1534200000000001,1.1504400000000001,1.1578788582824373,1.1579,-98.0,-20.000000000000018,STOP_LOSS,0,,,2026-04-07 13:29:48.215761,2026-04-07 14:34:50.607025,0.49,1.15605,1.1577888582824374,0.0001500000000000945,1577754225,,0,373,
80,NZDUSD,LONG,0.57073,0.57148,0.5729299999999999,0.569240898940288,0.573,59.02,22.699999999999942,TARGET_2,1,0.5716,2026-04-07 19:19:52.737580,2026-04-07 14:22:02.730532,2026-04-07 20:15:05.816815,0.65,0.5705,0.569360898940288,0.00022999999999995246,1577946000,,0,374,
81,USDCHF,SHORT,0.79924,0.79845,0.797675,0.8007052449001687,0.79767,41.86,15.699999999999603,TARGET_2,1,0.79773,2026-04-07 19:45:55.124101,2026-04-07 19:00:04.369635,2026-04-07 19:47:27.442569,0.52,0.80006,0.8005952449001686,0.0008200000000000429,1578560701,,0,378,
82,EURGBP,SHORT,0.87158,0.87004,0.868365,0.8727334993789023,0.8702624214494522,91.7929794738069,14.57031420219157,TRAILING_STOP,1,0.87003,2026-04-08 08:59:11.767124,2026-04-08 00:53:09.657220,2026-04-08 09:43:33.174813,0.63,0.87171,0.8726234993789023,0.00012999999999996348,1579345076,,0,381,
83,USDCHF,LONG,0.78857,0.78981,0.792345,0.7863385862960576,0.7924,67.67,38.3,TARGET_2,1,0.78987,2026-04-08 16:00:05.341280,2026-04-08 13:32:16.816714,2026-04-08 18:57:19.998824,0.35,0.78843,0.7864285862960576,0.000140000000000029,1580684140,,0,400,
84,EURAUD,SHORT,1.6565400000000001,1.65177,1.64486,1.66126,1.6597,-64.01,-31.599999999998296,INVALIDATION,0,,,2026-04-08 15:13:49.806927,2026-04-09 08:04:59.752000,0.29,1.65665,1.661093297355272,0.00010999999999983245,1581004006,,0,402,
85,NZDUSD,LONG,0.58255,0.5859,0.58717,0.5815437667139088,0.58244,-9.0,-1.100000000000545,INVALIDATION,0,,,2026-04-08 23:00:08.094077,2026-04-09 01:01:24.413953,1.0,0.58201,0.5816437667139088,0.0005399999999999849,1581740889,,0,406,
86,EURUSD,LONG,1.16669,1.17086,1.1724200000000002,1.16579,1.16576,-103.23,-9.300000000000974,STOP_LOSS,0,,,2026-04-09 05:00:03.292219,2026-04-09 06:17:28.285855,1.11,1.16645,1.1658920440864329,0.00024000000000001798,1582213934,,0,410,
87,USDCHF,SHORT,0.79044,0.78694,0.7843800000000001,0.79163,0.79118,-55.87,-7.399999999999629,INVALIDATION,0,,,2026-04-09 13:00:32.523500,2026-04-09 15:05:04.597801,0.65,0.7905,0.791552236878298,5.999999999994898e-05,1583111138,,0,415,
88,USDCHF,LONG,0.79056,0.79215,0.79383,0.78926,0.78876,-134.64,-18.000000000000238,STOP_LOSS,0,,,2026-04-09 18:33:58.949460,2026-04-09 21:01:38.828438,0.59,0.7905,0.789397763121702,6.0000000000060005e-05,1583879245,,0,420,
89,NZDUSD,LONG,0.58528,0.58618,0.5876600000000001,0.5837616261626501,0.58437,-57.33,-9.100000000000774,INVALIDATION,0,,,2026-04-10 02:00:58.659637,2026-04-10 06:22:11.608336,0.63,0.58499,0.5838716261626502,0.00029000000000001247,1584406545,,0,438,
90,EURUSD,LONG,1.16928,1.17026,1.1716550000000001,1.1678895122613895,1.16848,-55.2,-8.00000000000134,INVALIDATION,0,,,2026-04-10 05:00:19.953306,2026-04-10 07:00:43.381721,0.69,1.16909,1.1679695122613896,0.0001900000000001345,1584634526,,0,445,
91,EURGBP,LONG,0.87096,0.87121,0.8719500000000001,0.8700733135642998,0.87096,25.44000000000146,3.1800000000001827,TRAILING_STOP,1,0.87149,2026-04-10 09:19:45.290575,2026-04-10 08:51:48.001246,2026-04-10 09:32:48.154022,0.8,0.87081,0.8702033135642998,0.00014999999999998348,1585007755,,0,452,
92,EURGBP,SHORT,0.87097,0.87022,0.8695199999999998,0.87178,0.87178,0.0,-8.099999999999774,STOP_LOSS,0,,,2026-04-10 15:36:51.456834,2026-04-12 21:01:44.319414,0.87,0.87123,0.8716836024945552,0.00025999999999992696,1585886931,1585886297,0,465,
93,USDCHF,SHORT,0.78936,0.78712,0.784605,0.791142821868776,0.79114,0.0,-17.800000000000036,STOP_LOSS,0,,,2026-04-10 17:16:17.710045,2026-04-12 21:01:45.339824,0.42,0.78945,0.791052821868776,9.00000000000345e-05,1586084174,1586084151,0,466,
94,EURJPY,LONG,186.684,186.791,187.063,186.420243046939,186.78083915033176,57.64396967431412,10.293566013270379,TRAILING_STOP,1,186.791,2026-04-13 11:05:20.982144,2026-04-13 00:39:36.434032,2026-04-13 13:58:48.905697,0.56,186.652,186.43524304693898,0.03200000000001069,1587306358,1587306304,0,495,
95,EURUSD,LONG,1.1687,1.17026,1.1711950000000002,1.1677443118013742,1.16836,-14.43,-3.4000000000000696,INVALIDATION,0,,,2026-04-13 02:01:00.450274,2026-04-13 12:00:41.930085,0.97,1.16863,1.1678243118013742,7.00000000000145e-05,1587450204,1587450187,0,504,
96,CHFJPY,SHORT,201.67,201.402,201.2565,201.880667905313,201.88,0.0,-21.000000000000796,STOP_LOSS,0,,,2026-04-13 03:00:15.514793,2026-04-13 07:00:40.842192,0.71,201.735,201.86566790531302,0.06500000000002615,1587530614,1587530610,0,508,
97,EURGBP,LONG,0.87117,0.87166,0.8726400000000001,0.8701300060123478,0.87019,-33.52,-9.799999999999809,INVALIDATION,0,,,2026-04-13 06:46:11.868765,2026-04-13 09:00:15.695636,0.66,0.87099,0.8702400060123479,0.00017999999999995797,1587844440,1587844433,0,512,
98,EURAUD,SHORT,1.65703,1.65419,1.6516950000000001,1.65891,1.65891,0.0,-18.800000000001038,STOP_LOSS,0,,,2026-04-13 08:03:34.612923,2026-04-13 09:39:19.050078,0.7,1.6572,1.6587407935084622,0.00017000000000000348,1587994167,1587994140,0,469,
99,USDCHF,SHORT,0.78935,0.78712,0.784605,0.79111,0.79111,0.0,-17.599999999999838,STOP_LOSS,0,,,2026-04-13 11:15:23.715615,2026-04-13 12:00:43.587104,0.41,0.78945,0.791052821868776,9.999999999998899e-05,1588310214,1588310209,0,489,
100,NZDUSD,LONG,0.58367,0.5869,0.58795,0.5826,0.5863101435436674,251.50082306722146,29.94057417466922,TRAILING_STOP,1,0.5869,2026-04-13 18:49:55.120164,2026-04-13 14:00:44.730523,2026-04-13 21:02:22.298319,0.84,0.58252,0.5827547564234313,0.0011499999999999844,1588724689,1588724242,0,521,
101,EURAUD,SHORT,1.6571500000000001,1.65419,1.6516950000000001,1.65893,1.65893,0.0,-17.80000000000115,STOP_LOSS,0,,,2026-04-13 14:21:59.322348,2026-04-13 16:08:22.493321,0.72,1.6572,1.6587407935084622,4.999999999988347e-05,1588777628,1588777399,0,516,
102,EURGBP,SHORT,0.87029,0.86963,0.8690200000000001,0.8711224757146131,0.8711224757146131,-67.4305328836603,-8.324757146130901,STOP_LOSS,0,,,2026-04-14 05:00:42.856735,2026-04-14 07:01:04.459105,0.81,0.87061,0.8709724757146131,0.00031999999999998696,1590128129,1590128122,0,537,
103,NZDUSD,LONG,0.59068,0.592,0.5931,0.5896863896836805,0.5896863896836805,-90.41853878507489,-9.936103163195042,STOP_LOSS,0,,,2026-04-14 23:45:56.404833,2026-04-15 01:31:52.364249,0.91,0.59055,0.5898263896836805,0.00012999999999996348,1592255381,1592255369,0,545,
104,CHFJPY,LONG,203.537,203.677,203.99249999999998,203.2288967210245,203.336,-22.79,-20.09999999999934,INVALIDATION,0,,,2026-04-15 01:41:33.683612,2026-04-15 09:00:04.936404,0.46,203.526,203.2438967210245,0.01099999999999568,1592459230,1592459224,0,549,
105,EURGBP,LONG,0.86901,0.86957,0.8703799999999999,0.8682,0.8692913591374493,36.33203605335791,4.485436549797273,TRAILING_STOP,1,0.86957,2026-04-15 12:47:15.516046,2026-04-15 03:00:57.621747,2026-04-15 13:15:47.855468,0.81,0.86891,0.8683229634838929,9.999999999998899e-05,1592585375,1592585365,0,559,
106,EURJPY,LONG,187.483,187.525,188.01050000000004,187.04872718199846,187.483,8.064000000000306,2.5200000000000955,TRAILING_STOP,1,187.525,2026-04-15 12:55:44.575160,2026-04-15 05:07:27.171492,2026-04-15 13:39:41.869360,0.32,187.46,187.06972718199845,0.022999999999996135,1592710530,1592710525,0,548,
107,USDCHF,SHORT,0.78047,0.77951,0.778315,0.78159,0.78159,-69.44000000000062,-11.200000000000099,STOP_LOSS,0,,,2026-04-15 08:12:17.411997,2026-04-15 09:03:37.173196,0.62,0.78055,0.7814812315433105,7.999999999996898e-05,1593042207,1593042191,0,554,
108,GBPJPY,LONG,215.429,215.787,216.01950000000002,215.27760587868136,215.65432689005164,280.5362955390033,30.493075602065574,TRAILING_STOP,1,215.787,2026-04-15 14:22:28.515916,2026-04-15 11:11:07.509577,2026-04-15 16:22:33.942886,0.92,215.415,215.29260587868134,0.014000000000010004,1593374488,1593374469,1,565,
109,EURUSD,LONG,1.18014,1.1811099999999999,1.18234,1.17809692225487,1.18024,13.34,0.9999999999998899,TAKE_PROFIT,1,1.1811099999999999,2026-04-16 02:42:25.791788,2026-04-15 15:17:59.553839,2026-04-16 03:36:05.856309,0.44,1.1788,1.17818692225487,0.0013399999999998968,1593889892,1593889867,0,573,"{""kz_name"": ""ny_evening"", ""kz_high"": 1.1811099999999999, ""kz_low"": 1.17875, ""kz_range"": 0.0023599999999999177, ""rejection_price"": 1.1788}"
110,CHFJPY,SHORT,203.267,203.018,202.596,203.663,203.1390724774122,72.20556325263965,20.057100903511014,TRAILING_STOP,1,203.018,2026-04-16 03:01:41.655257,2026-04-15 17:00:53.282377,2026-04-16 03:28:03.659941,0.36,203.37,203.62374607074133,0.10300000000000864,1594098676,1594098568,1,571,"{""kz_name"": ""asian"", ""kz_high"": 203.534, ""kz_low"": 203.018, ""kz_range"": 0.5159999999999911, ""rejection_price"": 203.37}"
111,USDCHF,SHORT,0.78123,0.78006,0.7802,0.78217,0.78015,41.53,10.799999999999699,TARGET_2,0,,,2026-04-16 02:00:59.143716,2026-04-16 03:03:44.968160,0.75,0.78254,0.7820691586325551,0.0013100000000000334,1594754109,1594754104,0,586,"{""kz_name"": ""asian"", ""kz_high"": 0.78162, ""kz_low"": 0.78006, ""kz_range"": 0.0015600000000000058, ""rejection_price"": 0.78254}"
112,EURJPY,LONG,187.363,187.492,187.79149999999998,187.02081681727825,187.492,21.07,12.899999999999068,TAKE_PROFIT,1,187.492,2026-04-16 14:33:47.978697,2026-04-16 07:22:34.395502,2026-04-16 21:03:59.598008,0.43,187.208,187.03181681727824,0.15500000000000114,1595200099,1595200035,0,597,"{""kz_name"": ""london"", ""kz_high"": 187.492, ""kz_low"": 187.103, ""kz_range"": 0.3889999999999816, ""rejection_price"": 187.208}"
113,EURUSD,SHORT,1.1792,1.17828,1.1778400000000002,1.18051,1.1777199999999999,41.16,14.800000000001479,TARGET_2,1,1.17828,2026-04-16 08:20:51.555474,2026-04-16 08:00:29.125366,2026-04-16 08:26:24.390726,0.7,1.18033,1.1804317710536587,0.0011300000000000754,1595269220,1595269184,0,592,"{""kz_name"": ""london"", ""kz_high"": 1.17994, ""kz_low"": 1.17828, ""kz_range"": 0.0016599999999999948, ""rejection_price"": 1.18033}"
114,GBPJPY,LONG,215.591,215.905,216.209,215.362,215.362,-148.85000000000872,-22.90000000000134,STOP_LOSS,0,,,2026-04-16 14:00:44.911201,2026-04-16 14:21:47.692357,0.65,215.573,215.38418129473004,0.018000000000000682,1595987858,1595987789,1,608,"{""kz_name"": ""ny_evening"", ""kz_high"": 215.905, ""kz_low"": 215.481, ""kz_range"": 0.4240000000000066, ""rejection_price"": 215.573}"
115,CHFJPY,LONG,203.493,203.583,203.8275,203.163,203.493,23.7600000000009,5.400000000000205,TRAILING_STOP,1,203.583,2026-04-17 05:00:32.602317,2026-04-17 01:00:40.378384,2026-04-17 06:39:06.163049,0.44,203.364,203.18171811997252,0.12899999999999068,1596964883,1596964849,1,594,"{""kz_name"": ""london"", ""kz_high"": 203.583, ""kz_low"": 203.274, ""kz_range"": 0.3089999999999975, ""rejection_price"": 203.364}"
116,EURUSD,LONG,1.1776,1.17887,1.1796000000000002,1.1766177838602307,1.17962,76.76,20.199999999999108,TARGET_2,1,1.17887,2026-04-17 08:43:28.909911,2026-04-17 06:48:27.501524,2026-04-17 09:24:22.966358,0.94,1.17717,1.1767077838602307,0.00042999999999993044,1597424585,1597424583,0,637,"{""kz_name"": ""ny_morning"", ""kz_high"": 1.17887, ""kz_low"": 1.17725, ""kz_range"": 0.0016200000000001769, ""rejection_price"": 1.17717}"
117,CHFJPY,SHORT,203.333,203.065,203.05550000000002,203.497,203.497,-147.60000000001412,-16.40000000000157,STOP_LOSS,0,,,2026-04-17 07:00:32.252795,2026-04-17 07:54:28.636093,0.9,203.561,203.49168492801863,0.22800000000000864,1597440941,1597440928,1,636,"{""kz_name"": ""london"", ""kz_high"": 203.402, ""kz_low"": 203.065, ""kz_range"": 0.3369999999999891, ""rejection_price"": 203.561}"
118,USDCHF,SHORT,0.78217,0.78062,0.77958,0.7835613793327599,0.77957,70.58,26.000000000000465,TARGET_2,1,0.78062,2026-04-17 12:48:19.038570,2026-04-17 09:00:57.877025,2026-04-17 12:54:26.051453,0.52,0.78324,0.7834713793327599,0.0010700000000000154,1597651346,1597651335,0,641,"{""kz_name"": ""london"", ""kz_high"": 0.78306, ""kz_low"": 0.78062, ""kz_range"": 0.0024399999999999977, ""rejection_price"": 0.78324}"
119,EURAUD,LONG,1.64485,1.64693,1.6488299999999998,1.64309,1.64309,-128.47999999999882,-17.599999999999838,STOP_LOSS,0,,,2026-04-17 11:00:10.284454,2026-04-17 12:48:52.283444,0.73,1.6445400000000001,1.6432850410161182,0.00030999999999981043,1597847601,1597846319,1,633,"{""kz_name"": ""asian"", ""kz_high"": 1.64693, ""kz_low"": 1.6440700000000001, ""kz_range"": 0.0028599999999998627, ""rejection_price"": 1.6445400000000001}"
120,EURGBP,LONG,0.87059,0.87127,0.873785,0.86854,0.8709139537211228,17.740189118821448,5.375814884491348,TRAILING_STOP,1,0.87127,2026-04-20 06:13:08.738193,2026-04-17 14:41:13.630156,2026-04-20 07:04:49.334052,0.33,0.87035,0.868656553369855,0.00024000000000001798,1598614831,1598614813,1,657,"{""kz_name"": ""ny_evening"", ""kz_high"": 0.87127, ""kz_low"": 0.86898, ""kz_range"": 0.0022900000000000142, ""rejection_price"": 0.87035}"
121,EURAUD,LONG,1.64399,1.64619,1.64657,1.6415578263406807,1.6440112280065124,71.73852494066688,13.284912026049422,TRAILING_STOP,1,1.64619,2026-04-20 00:08:58.959823,2026-04-19 23:00:25.857185,2026-04-20 00:59:34.002962,0.54,1.6411099999999998,1.6417078263406808,0.0028800000000002157,1600047938,1600046837,1,679,"{""kz_name"": ""asian"", ""kz_high"": 1.64619, ""kz_low"": 1.64255, ""kz_range"": 0.0036400000000000876, ""rejection_price"": 1.6411099999999998}"
122,EURGBP,SHORT,0.87082,0.86895,0.8674949999999999,0.87169,0.87105,-9.95,-2.2999999999995246,INVALIDATION,0,,,2026-04-20 08:00:51.107737,2026-04-21 06:01:43.180796,0.8,0.87099,0.8715920746692036,0.00017000000000000348,1600915798,1600915622,0,686,"{""kz_name"": ""asian"", ""kz_high"": 0.87128, ""kz_low"": 0.86895, ""kz_range"": 0.0023300000000000542, ""rejection_price"": 0.87099}"
123,CHFJPY,LONG,203.308,203.656,203.5585,203.11453232510078,203.594,57.41,28.600000000000136,TARGET_2,0,,,2026-04-20 09:03:41.304899,2026-04-20 14:53:17.199377,0.77,202.942,203.13053232510077,0.36599999999998545,1601014197,1601014193,0,699,"{""kz_name"": ""london"", ""kz_high"": 203.656, ""kz_low"": 203.245, ""kz_range"": 0.41100000000000136, ""rejection_price"": 202.942}"
124,EURAUD,SHORT,1.64361,1.64221,1.640495,1.6457246324864545,1.6457246324864545,-133.22184664663305,-21.14632486454493,STOP_LOSS,0,,,2026-04-20 10:00:25.303361,2026-04-20 11:13:16.720932,0.63,1.64405,1.6455846324864545,0.00043999999999999595,1601111126,1601111106,1,689,"{""kz_name"": ""london"", ""kz_high"": 1.64458, ""kz_low"": 1.64221, ""kz_range"": 0.0023699999999999832, ""rejection_price"": 1.64405}"
125,USDCHF,SHORT,0.77987,0.77753,0.7764850000000001,0.7810855378038877,0.7810855378038877,-74.1478060371511,-12.15537803887723,STOP_LOSS,0,,,2026-04-20 14:00:50.968099,2026-04-20 14:52:16.283577,0.61,0.78094,0.7809955378038876,0.0010700000000000154,1601645664,1601645640,1,728,"{""kz_name"": ""ny_evening"", ""kz_high"": 0.7805, ""kz_low"": 0.77753, ""kz_range"": 0.002969999999999917, ""rejection_price"": 0.78094}"
126,GBPJPY,SHORT,214.634,214.324,214.08950000000004,214.885,214.885,-150.60000000000286,-25.100000000000477,STOP_LOSS,0,,,2026-04-20 14:01:30.342782,2026-04-20 16:01:26.701868,0.6,214.742,214.86623424823904,0.10800000000000409,1601645727,1601645705,1,729,"{""kz_name"": ""london"", ""kz_high"": 214.759, ""kz_low"": 214.324, ""kz_range"": 0.43499999999997385, ""rejection_price"": 214.742}"
127,EURJPY,SHORT,186.903,186.752,186.48700000000002,187.18178644794142,187.18178644794142,-147.75681740895692,-27.878644794142815,STOP_LOSS,0,,,2026-04-20 15:13:30.037480,2026-04-20 18:55:03.438267,0.53,186.976,187.17078644794142,0.0730000000000075,1601871309,1601871299,1,731,"{""kz_name"": ""london"", ""kz_high"": 187.078, ""kz_low"": 186.752, ""kz_range"": 0.3259999999999934, ""rejection_price"": 186.976}"
128,EURAUD,LONG,1.6432099999999998,1.64815,1.6497450000000002,1.6423567646235808,1.6429399999999998,-12.89,-2.6999999999999247,INVALIDATION,0,,,2026-04-21 04:00:37.283291,2026-04-21 11:01:02.591379,1.51,1.6424400000000001,1.642506764623581,0.0007699999999997154,1602813932,1602813259,0,737,"{""kz_name"": ""asian"", ""kz_high"": 1.64815, ""kz_low"": 1.6432799999999999, ""kz_range"": 0.004870000000000152, ""rejection_price"": 1.6424400000000001}"
129,EURUSD,SHORT,1.17646,1.17471,1.173845,1.1777264847904747,1.1752186269771085,114.444641477595,15.46549209156689,TRAILING_STOP,1,1.17471,2026-04-21 15:30:37.800738,2026-04-21 08:00:48.690312,2026-04-21 15:58:05.485614,0.74,1.17755,1.1776364847904748,0.0010900000000000354,1603185584,1603185180,1,746,"{""kz_name"": ""london"", ""kz_high"": 1.17718, ""kz_low"": 1.17471, ""kz_range"": 0.0024699999999999722, ""rejection_price"": 1.17755}"
130,EURGBP,LONG,0.87131,0.8716,0.8725400000000001,0.8701707758195854,0.87046,-27.56,-8.500000000000174,INVALIDATION,0,,,2026-04-21 09:00:09.740344,2026-04-21 11:00:23.204073,0.6,0.87092,0.8702807758195854,0.00039000000000000146,1603290839,1603290321,0,747,"{""kz_name"": ""london"", ""kz_high"": 0.8716, ""kz_low"": 0.87052, ""kz_range"": 0.001080000000000081, ""rejection_price"": 0.87092}"
131,EURAUD,SHORT,1.6419700000000002,1.6409099999999999,1.638635,1.64421,1.6419700000000002,36.25200000000967,6.360000000001698,TRAILING_STOP,1,1.6409099999999999,2026-04-21 19:25:07.054512,2026-04-21 17:00:05.141805,2026-04-21 19:39:17.072533,0.57,1.6423100000000002,1.6440887187578264,0.00034000000000000696,1604433374,1604433218,1,770,"{""kz_name"": ""asian"", ""kz_high"": 1.64336, ""kz_low"": 1.6409099999999999, ""kz_range"": 0.0024500000000000632, ""rejection_price"": 1.6423100000000002}"
132,CHFJPY,SHORT,204.072,203.323,202.8025,204.2971564564942,204.2971564564942,-146.35169672123283,-22.515645649420435,STOP_LOSS,0,,,2026-04-21 20:00:19.639828,2026-04-21 21:04:51.762213,0.65,204.097,204.28215645649422,0.025000000000005684,1604880400,1604880388,1,774,"{""kz_name"": ""asian"", ""kz_high"": 204.186, ""kz_low"": 203.323, ""kz_range"": 0.8629999999999995, ""rejection_price"": 204.097}"
133,EURJPY,SHORT,187.146,186.99,186.8405,187.39326204782745,187.39326204782745,-145.88460821820263,-24.72620478274621,STOP_LOSS,0,,,2026-04-21 20:00:21.432498,2026-04-21 21:03:49.738731,0.59,187.313,187.37626204782745,0.1670000000000016,1604880453,1604880409,1,775,"{""kz_name"": ""london"", ""kz_high"": 187.305, ""kz_low"": 186.99, ""kz_range"": 0.3149999999999977, ""rejection_price"": 187.313}"
134,CHFJPY,LONG,204.0,204.422,204.6215,203.813,203.813,-143.9900000000091,-18.700000000001182,STOP_LOSS,0,,,2026-04-22 10:01:11.176060,2026-04-22 11:10:18.312691,0.77,203.879,203.8198493565248,0.12100000000000932,1605904789,1605904436,1,788,"{""kz_name"": ""ny_evening"", ""kz_high"": 204.422, ""kz_low"": 203.927, ""kz_range"": 0.49500000000000455, ""rejection_price"": 203.879}"
135,GBPJPY,LONG,215.107,215.419,215.72700000000003,214.942,214.936,-93.43,-17.099999999999227,STOP_LOSS,1,214.936,,2026-04-22 11:37:31.652040,2026-04-22 12:12:31.183505,0.87,215.184,214.95947378188998,-0.07699999999999818,1606063750,1606063734,0,793,"{""kz_name"": ""ny_evening"", ""kz_high"": 215.419, ""kz_low"": 215.057, ""kz_range"": 0.3620000000000232, ""rejection_price"": 215.184}"
136,NZDUSD,LONG,0.59077,0.59127,0.5924299999999999,0.58929,0.59077,17.999999999998018,2.9999999999996696,TRAILING_STOP,1,0.59127,2026-04-22 13:45:01.829800,2026-04-22 12:00:42.769808,2026-04-22 14:58:49.829087,0.6,0.59036,0.5893164593689398,0.00041000000000002146,1606113182,1606113102,1,794,"{""kz_name"": ""ny_morning"", ""kz_high"": 0.59127, ""kz_low"": 0.58989, ""kz_range"": 0.0013799999999999368, ""rejection_price"": 0.59036}"
137,EURUSD,SHORT,1.17417,1.17303,1.171835,1.1758859072133188,1.17174,50.82,24.299999999999322,TARGET_2,1,1.17303,2026-04-22 14:33:03.664306,2026-04-22 14:00:28.291031,2026-04-22 15:01:21.129573,0.52,1.175,1.1757959072133188,0.0008300000000001084,1606429001,1606428981,0,798,"{""kz_name"": ""asian"", ""kz_high"": 1.17514, ""kz_low"": 1.17303, ""kz_range"": 0.0021100000000000563, ""rejection_price"": 1.175}"
138,NZDUSD,SHORT,0.59036,0.5882,0.5873449999999998,0.5914611016301909,0.5914611016301909,-89.18923204546681,-11.011016301909482,STOP_LOSS,0,,,2026-04-22 19:00:06.512348,2026-04-22 21:04:54.753058,0.81,0.5912,0.5913011016301909,0.0008399999999999519,1607020471,1607020326,1,806,"{""kz_name"": ""asian"", ""kz_high"": 0.59077, ""kz_low"": 0.5882, ""kz_range"": 0.0025700000000000722, ""rejection_price"": 0.5912}"
139,EURAUD,SHORT,1.63538,1.6349,1.632035,1.6385,1.63855,-87.78999999999999,-31.69999999999895,STOP_LOSS,1,1.63855,,2026-04-23 15:00:07.371980,2026-04-23 17:21:36.217019,0.39,1.63592,1.6383679779357578,0.0005399999999999849,1609032567,1609032520,0,818,"{""kz_name"": ""london"", ""kz_high"": 1.6374900000000001, ""kz_low"": 1.6349, ""kz_range"": 0.0025900000000000922, ""rejection_price"": 1.63592}"
140,EURAUD,LONG,1.6369500000000001,1.6407500000000002,1.644665,1.63404,1.63924,94.82,31.959999999999766,TAKE_PROFIT,1,1.6407500000000002,2026-04-24 03:24:14.396314,2026-04-23 18:00:27.843663,2026-04-24 04:48:49.373399,0.42,1.63592,1.6340420220642424,0.0010300000000000864,1609507465,1609507363,0,819,"{""kz_name"": ""ny_evening"", ""kz_high"": 1.6407500000000002, ""kz_low"": 1.6349200000000002, ""kz_range"": 0.005830000000000002, ""rejection_price"": 1.63592}"
141,EURJPY,LONG,186.643,186.749,186.8295,186.46473577081036,186.464,-88.6,-17.900000000000205,STOP_LOSS,1,186.464,,2026-04-23 23:00:51.486677,2026-04-24 06:42:53.045249,0.79,186.525,186.47673577081036,0.117999999999995,1609832230,1609832224,0,828,"{""kz_name"": ""asian"", ""kz_high"": 186.749, ""kz_low"": 186.546, ""kz_range"": 0.20300000000000296, ""rejection_price"": 186.525}"
142,EURUSD,SHORT,1.16891,1.1679,1.1662299999999999,1.17053,1.17071,-96.88,-18.000000000000238,STOP_LOSS,1,1.17071,,2026-04-24 10:18:24.807082,2026-04-24 11:05:31.399058,0.54,1.16911,1.1703955112065179,0.00020000000000020002,1610798996,1610798830,0,832,"{""kz_name"": ""ny_morning"", ""kz_high"": 1.16982, ""kz_low"": 1.1679, ""kz_range"": 0.0019200000000001438, ""rejection_price"": 1.16911}"
143,CHFJPY,SHORT,203.068,202.743,202.402,203.40251431034685,202.88081837172166,110.64778703765404,26.987265131135132,TRAILING_STOP,1,202.743,2026-04-24 13:37:57.447641,2026-04-24 10:18:25.642809,2026-04-24 13:58:32.440983,0.41,203.224,203.38751431034686,0.1559999999999775,1610799194,1610799176,1,835,"{""kz_name"": ""asian"", ""kz_high"": 203.291, ""kz_low"": 202.743, ""kz_range"": 0.5480000000000018, ""rejection_price"": 203.224}"
144,EURGBP,SHORT,0.86735,0.86646,0.8655799999999999,0.86831,0.86831,-63.360000000004746,-9.600000000000719,STOP_LOSS,0,,,2026-04-24 11:01:03.765646,2026-04-24 11:48:03.835428,0.66,0.86762,0.8681020972680543,0.00026999999999999247,1610862445,1610861825,1,836,"{""kz_name"": ""asian"", ""kz_high"": 0.86782, ""kz_low"": 0.86646, ""kz_range"": 0.0013600000000000279, ""rejection_price"": 0.86762}"
145,USDCHF,SHORT,0.78514,0.78422,0.7830299999999999,0.78649,0.78649,-66.15000000000359,-13.500000000000734,STOP_LOSS,0,,,2026-04-24 12:00:44.441700,2026-04-24 12:50:17.224487,0.49,0.78555,0.7864141101008574,0.00041000000000002146,1611003995,1611003644,1,834,"{""kz_name"": ""ny_morning"", ""kz_high"": 0.7859, ""kz_low"": 0.78422, ""kz_range"": 0.0016800000000000148, ""rejection_price"": 0.78555}"
146,GBPJPY,LONG,215.389,215.696,215.9905,214.996,215.6105733363139,92.76197373868729,27.282933452555085,TRAILING_STOP,1,215.696,2026-04-24 19:00:42.518712,2026-04-24 13:00:59.925285,2026-04-24 20:56:43.073370,0.34,215.137,215.0155339320598,0.25200000000000955,1611119766,1611119742,1,837,"{""kz_name"": ""ny_morning"", ""kz_high"": 215.696, ""kz_low"": 215.127, ""kz_range"": 0.5689999999999884, ""rejection_price"": 215.137}"
147,EURAUD,SHORT,1.63963,1.6383,1.63746,1.64148,1.63822,77.52,13.619999999998633,TAKE_PROFIT,1,1.6383,2026-04-24 15:47:00.076800,2026-04-24 15:00:15.504087,2026-04-24 20:40:10.395914,0.65,1.64073,1.6413259979839752,0.001100000000000101,1611391141,1611391131,0,842,"{""kz_name"": ""london"", ""kz_high"": 1.6404800000000002, ""kz_low"": 1.6383, ""kz_range"": 0.0021800000000000708, ""rejection_price"": 1.64073}"
148,CHFJPY,LONG,202.938,203.291,203.546,202.61610428048414,202.938,91.07400000000223,21.18000000000052,BREAKEVEN_SL,1,203.291,2026-04-28 03:04:29.648801,2026-04-26 23:00:10.928006,2026-04-28 03:04:29.680391,0.43,202.724,202.63410428048414,0.21399999999999864,1612341545,1612341515,1,857,"{""kz_name"": ""asian"", ""kz_high"": 203.291, ""kz_low"": 202.743, ""kz_range"": 0.5480000000000018, ""rejection_price"": 202.724}"
149,EURAUD,SHORT,1.63877,1.63687,1.6369350000000003,1.64044,1.63679,41.31,19.800000000000928,TARGET_2,1,1.6369799999999999,2026-04-27 00:59:59.384422,2026-04-27 00:00:21.984081,2026-04-27 01:00:06.712919,0.73,1.64073,1.640245997983975,0.0019599999999999618,1612412857,1612412844,0,863,"{""kz_name"": ""asian"", ""kz_high"": 1.6394, ""kz_low"": 1.63687, ""kz_range"": 0.002529999999999921, ""rejection_price"": 1.64073}"
150,USDCHF,LONG,0.78533,0.78745,0.78884,0.784,0.78533,66.14400000000033,12.720000000000063,BREAKEVEN_SL,1,0.78745,2026-04-27 21:09:47.021652,2026-04-27 17:00:35.877563,2026-04-27 21:09:47.037301,0.52,0.78455,0.7841119443130786,0.0007800000000000029,1614321610,1614320504,1,878,"{""kz_name"": ""ny_evening"", ""kz_high"": 0.78745, ""kz_low"": 0.78459, ""kz_range"": 0.0028599999999999737, ""rejection_price"": 0.78455}"
151,EURGBP,SHORT,0.86599,0.86503,0.86442,0.86701,0.86599,36.86400000000276,5.760000000000431,BREAKEVEN_SL,1,0.86503,2026-04-28 09:49:10.344603,2026-04-27 19:00:03.782985,2026-04-28 09:49:10.360250,0.64,0.86673,0.8668454425918726,0.0007399999999999629,1614496605,1614496487,1,884,"{""kz_name"": ""asian"", ""kz_high"": 0.86657, ""kz_low"": 0.86503, ""kz_range"": 0.0015399999999999858, ""rejection_price"": 0.86673}"
152,EURAUD,SHORT,1.62999,1.6289799999999999,1.6271299999999997,1.63266,1.63236,-30.56,-23.699999999999832,INVALIDATION,0,,,2026-04-28 08:39:47.703905,2026-04-28 11:00:31.901218,0.44,1.63145,1.6325517723025922,0.0014600000000000168,1615676009,1615676005,0,898,"{""kz_name"": ""asian"", ""kz_high"": 1.63186, ""kz_low"": 1.6289799999999999, ""kz_range"": 0.0028800000000002157, ""rejection_price"": 1.63145}"
157,EURJPY,SHORT,186.542,186.068,185.488,186.924,186.542,99.5399999999978,28.439999999999372,BREAKEVEN_SL,1,186.068,2026-04-28 15:39:36.991191,2026-04-28 14:00:31.882415,2026-04-28 15:39:37.021705,0.35,186.613,186.90356841060571,0.07099999999999795,1616524601,1616523516,1,948,"{""kz_name"": ""london"", ""kz_high"": 186.818, ""kz_low"": 186.068, ""kz_range"": 0.75, ""rejection_price"": 186.613}"
159,USDCHF,LONG,0.78931,0.7909,0.7923350000000001,0.7882973616018384,0.78931,61.05600000000351,9.540000000000548,BREAKEVEN_SL,1,0.7909,2026-04-29 02:19:04.922385,2026-04-29 01:30:39.228725,2026-04-29 02:19:04.922385,0.64,0.78902,0.7883773616018384,0.00028999999999990145,1617536636,1617536625,1,964,"{""kz_name"": ""ny_evening"", ""kz_high"": 0.7909, ""kz_low"": 0.78869, ""kz_range"": 0.0022100000000000453, ""rejection_price"": 0.78902}"
160,EURJPY,LONG,186.89,186.94,187.13949999999997,186.66087679366345,186.89,16.80000000000382,3.000000000000682,TRAILING_STOP,1,186.94,2026-04-29 09:32:41.786150,2026-04-29 09:00:15.711659,2026-04-29 09:41:54.501894,0.56,186.814,186.67787679366344,0.0759999999999934,1618322545,1618322513,1,980,"{""kz_name"": ""asian"", ""kz_high"": 186.94, ""kz_low"": 186.723, ""kz_range"": 0.21699999999998454, ""rejection_price"": 186.814}"
161,EURUSD,LONG,1.16932,1.17177,1.173435,1.16837,1.169432001325168,9.632113964455513,1.1200132516808736,RECONCILIATION,0,,,2026-04-29 15:30:35.193549,2026-04-29 15:56:40.699271,0.86,1.16907,1.1684706747016167,0.00024999999999986144,1619320300,1619320283,1,990,"{""kz_name"": ""ny_evening"", ""kz_high"": 1.17177, ""kz_low"": 1.16886, ""kz_range"": 0.002909999999999968, ""rejection_price"": 1.16907}"
163,EURUSD,SHORT,1.16899,1.16799,1.1656550000000003,1.17105,1.16899,0.0,0.0,RECONCILIATION,0,,,2026-04-30 13:30:21.947935,2026-04-30 13:41:25.938815,0.39,1.16927,1.1709809221186058,0.000280000000000058,1621710747,1621710687,1,1040,"{""kz_name"": ""ny_evening"", ""kz_high"": 1.1703999999999999, ""kz_low"": 1.16799, ""kz_range"": 0.002409999999999801, ""rejection_price"": 1.16927}"
164,EURJPY,SHORT,184.001,183.707,183.334,184.276,183.89986994864884,46.5198236215349,10.113005135116282,RECONCILIATION,0,,,2026-05-03 23:01:12.786913,2026-05-04 01:50:47.935064,0.46,184.042,184.26372542962324,0.04099999999999682,1625376901,1625376456,1,1061,"{""kz_name"": ""ny_morning"", ""kz_high"": 184.179, ""kz_low"": 183.707, ""kz_range"": 0.4720000000000084, ""rejection_price"": 184.042}"
165,EURJPY,LONG,183.953,184.451,184.89249999999998,183.641,183.938,-1.53,-1.500000000001478,TIME_STOP,0,,,2026-05-04 06:00:35.629275,2026-05-04 10:00:36.655353,0.4,183.889,183.64695941959835,0.06399999999999295,1626053948,1626053902,0,1076,"{""kz_name"": ""ny_evening"", ""kz_high"": 184.451, ""kz_low"": 183.782, ""kz_range"": 0.6689999999999827, ""rejection_price"": 183.889}"
166,EURAUD,SHORT,1.63204,1.6268099999999999,1.6234499999999998,1.63347,1.631844029330741,250.87828488088138,32.16388267703607,TRAILING_STOP,1,1.6268099999999999,2026-05-04 21:01:05.857511,2026-05-04 17:00:23.680357,2026-05-04 21:01:05.857511,0.78,1.63212,1.6333113876830856,8.000000000008001e-05,1627790543,1627790527,1,1096,"{""kz_name"": ""ny_evening"", ""kz_high"": 1.63259, ""kz_low"": 1.6268099999999999, ""kz_range"": 0.005780000000000118, ""rejection_price"": 1.63212}"
168,NZDUSD,LONG,0.58814,0.58989,0.5918400000000001,0.5869319828792512,0.58842513342802,18.81880624932375,2.851334280200568,RECONCILIATION,0,,,2026-05-05 12:00:16.240517,2026-05-05 13:11:52.151089,0.66,0.58809,0.5870419828792512,4.999999999999449e-05,1629486971,1629486959,1,1104,"{""kz_name"": ""ny_morning"", ""kz_high"": 0.58989, ""kz_low"": 0.58739, ""kz_range"": 0.0025000000000000577, ""rejection_price"": 0.58809}"
